ID,BEiT Class,Archetype,Lat,Lon,PGA μ(g),PGA σ(g),P(None),P(DS1) μ,P(DS1) σ,P(DS2) μ,P(DS2) σ,P(DS3) μ,P(DS3) σ,P(DS4) μ,P(DS4) σ,Mean DS,Loss Ratio
1,RCC_H2 gable roof,CR_LFINF_DUL_H2,29.46117,83.31382,0.093,0.0654,0.947,0.052,0.09,0.001,0.003,0.0,0.0,0.0,0.0,None,0.003
2,RCC_H2 gable roof,CR_LFINF_DUL_H2,29.23617,83.31382,0.0933,0.0772,0.948,0.051,0.097,0.001,0.01,0.0,0.002,0.0,0.001,None,0.003
3,RCC_H2 gable roof,CR_LFINF_DUL_H2,29.08617,83.53882,0.0946,0.074,0.944,0.055,0.104,0.001,0.006,0.0,0.001,0.0,0.0,None,0.003
4,RCC_H2 gable roof,CR_LFINF_DUL_H2,28.93617,80.68882,0.0954,0.0761,0.941,0.058,0.108,0.001,0.006,0.0,0.001,0.0,0.0,None,0.003
5,RCC_H2 gable roof,CR_LFINF_DUL_H2,29.01117,83.53882,0.0934,0.0679,0.947,0.052,0.095,0.001,0.004,0.0,0.001,0.0,0.0,None,0.003
6,RCC_H2 gable roof,CR_LFINF_DUL_H2,28.78617,81.13882,0.0954,0.0802,0.941,0.057,0.114,0.001,0.007,0.0,0.001,0.0,0.001,None,0.003
7,RCC_H1 flat roof,CR_LFINF_DUL_H1,28.48617,83.98882,0.0962,0.0725,0.982,0.016,0.061,0.002,0.01,0.0,0.003,0.0,0.002,None,0.002
8,RCC_H1 flat roof,CR_LFINF_DUL_H1,29.38617,83.23882,0.0927,0.0688,0.985,0.014,0.053,0.001,0.007,0.0,0.002,0.0,0.001,None,0.001
9,RCC_H1 flat roof,CR_LFINF_DUL_H1,29.08617,83.01382,0.0924,0.0722,0.983,0.015,0.057,0.001,0.008,0.0,0.002,0.0,0.002,None,0.001
10,RCC_H1 flat roof,CR_LFINF_DUL_H1,28.71117,83.31382,0.089,0.0662,0.987,0.012,0.049,0.001,0.006,0.0,0.001,0.0,0.001,None,0.001
11,RCC_H1 flat roof,CR_LFINF_DUL_H1,27.73617,86.91382,0.0957,0.0755,0.982,0.015,0.058,0.002,0.013,0.0,0.005,0.0,0.005,None,0.002
12,RCC_H1 flat roof,CR_LFINF_DUL_H1,29.31117,83.16382,0.09,0.0648,0.988,0.011,0.046,0.001,0.008,0.0,0.003,0.0,0.003,None,0.001
13,RCC_H1 flat roof,CR_LFINF_DUL_H1,28.93617,80.61382,0.0931,0.0781,0.981,0.017,0.063,0.002,0.013,0.001,0.005,0.0,0.006,None,0.002
14,RCC_H1 flat roof,CR_LFINF_DUL_H1,29.01117,83.91382,0.0974,0.0752,0.981,0.017,0.062,0.002,0.011,0.0,0.003,0.0,0.003,None,0.002
15,RCC_H1 flat roof,CR_LFINF_DUL_H1,30.28617,82.03882,0.0985,0.0763,0.98,0.018,0.059,0.002,0.01,0.0,0.003,0.0,0.003,None,0.002
16,RCC_H1 flat roof,CR_LFINF_DUL_H1,29.31117,83.38882,0.0871,0.0587,0.991,0.009,0.034,0.0,0.003,0.0,0.001,0.0,0.0,None,0.001
17,RCC_H3 flat roof,CR_LFINF_DUL_H3,28.86117,80.68882,0.0968,0.0793,0.955,0.043,0.093,0.001,0.007,0.0,0.002,0.0,0.001,None,0.003
18,RCC_H3 flat roof,CR_LFINF_DUL_H3,28.71117,83.46382,0.0871,0.0679,0.966,0.033,0.077,0.001,0.004,0.0,0.001,0.0,0.0,None,0.002
19,RCC_H3 flat roof,CR_LFINF_DUL_H3,28.41117,84.13882,0.0952,0.0727,0.96,0.039,0.08,0.001,0.007,0.0,0.002,0.0,0.001,None,0.002
20,RCC_H3 flat roof,CR_LFINF_DUL_H3,29.16117,83.08882,0.0957,0.079,0.959,0.039,0.09,0.001,0.009,0.0,0.002,0.0,0.001,None,0.002
21,RCC_H3 flat roof,CR_LFINF_DUL_H3,28.78617,84.13882,0.0942,0.0758,0.959,0.039,0.087,0.001,0.007,0.0,0.001,0.0,0.001,None,0.002
22,RCC_H3 flat roof,CR_LFINF_DUL_H3,28.33617,85.11382,0.0937,0.0734,0.96,0.039,0.083,0.001,0.006,0.0,0.001,0.0,0.001,None,0.002
23,RCC_H3 flat roof,CR_LFINF_DUL_H3,29.01117,84.06382,0.0876,0.0692,0.965,0.034,0.075,0.001,0.005,0.0,0.001,0.0,0.001,None,0.002
24,RCC_H3 flat roof,CR_LFINF_DUL_H3,29.61117,83.01382,0.0954,0.0778,0.956,0.042,0.094,0.001,0.006,0.0,0.001,0.0,0.0,None,0.003
25,RCC_H3 flat roof,CR_LFINF_DUL_H3,27.73617,86.83882,0.0942,0.0723,0.959,0.04,0.084,0.001,0.005,0.0,0.001,0.0,0.0,None,0.002
26,RCC_H3 flat roof,CR_LFINF_DUL_H3,28.78617,84.36382,0.0886,0.0644,0.965,0.034,0.071,0.001,0.003,0.0,0.0,0.0,0.0,None,0.002
27,MR_H1 flat roof,MUR_LWAL_DNO_H1,28.56117,84.13882,0.0969,0.0774,0.967,0.03,0.074,0.002,0.013,0.001,0.003,0.0,0.002,None,0.003
28,MR_H1 flat roof,MUR_LWAL_DNO_H1,29.01117,83.16382,0.0945,0.0775,0.969,0.028,0.071,0.002,0.013,0.001,0.004,0.0,0.003,None,0.002
29,MR_H1 flat roof,MUR_LWAL_DNO_H1,29.23617,83.01382,0.0948,0.0728,0.97,0.027,0.068,0.002,0.01,0.0,0.003,0.0,0.002,None,0.002
30,MR_H1 flat roof,MUR_LWAL_DNO_H1,28.86117,82.86382,0.0956,0.0768,0.969,0.027,0.072,0.002,0.013,0.001,0.004,0.0,0.004,None,0.002
31,MR_H1 flat roof,MUR_LWAL_DNO_H1,28.56117,85.03882,0.1015,0.0791,0.963,0.034,0.079,0.003,0.011,0.0,0.003,0.0,0.002,None,0.003
32,MR_H1 flat roof,MUR_LWAL_DNO_H1,28.78617,83.31382,0.0956,0.0791,0.968,0.029,0.072,0.002,0.014,0.001,0.005,0.0,0.005,None,0.003
33,MR_H1 flat roof,MUR_LWAL_DNO_H1,28.18617,81.88882,0.091,0.0646,0.976,0.022,0.057,0.001,0.008,0.0,0.002,0.0,0.001,None,0.002
34,MR_H2 gable roof,MUR_LWAL_DNO_H2,29.31117,83.23882,0.0925,0.0723,0.941,0.054,0.094,0.004,0.016,0.001,0.005,0.0,0.004,None,0.004
35,MR_H2 gable roof,MUR_LWAL_DNO_H2,29.16117,84.13882,0.0989,0.0809,0.93,0.063,0.109,0.005,0.019,0.001,0.006,0.001,0.004,None,0.005
36,MR_H2 gable roof,MUR_LWAL_DNO_H2,28.78617,84.21382,0.0914,0.0819,0.94,0.054,0.103,0.005,0.02,0.001,0.007,0.001,0.007,None,0.005
37,MR_H2 gable roof,MUR_LWAL_DNO_H2,27.96117,86.83882,0.0944,0.0696,0.938,0.058,0.101,0.004,0.012,0.001,0.003,0.0,0.001,None,0.004
38,MR_H2 gable roof,MUR_LWAL_DNO_H2,27.73617,87.58882,0.094,0.0697,0.94,0.055,0.096,0.004,0.014,0.001,0.004,0.0,0.004,None,0.004
39,MR_H2 gable roof,MUR_LWAL_DNO_H2,28.93617,83.31382,0.0966,0.0716,0.934,0.061,0.101,0.004,0.014,0.001,0.004,0.0,0.002,None,0.005
40,MR_H2 gable roof,MUR_LWAL_DNO_H2,30.06117,81.96382,0.0925,0.0683,0.939,0.056,0.097,0.004,0.012,0.001,0.002,0.0,0.001,None,0.004
41,MR_H2 gable roof,MUR_LWAL_DNO_H2,29.08617,82.93882,0.097,0.0798,0.933,0.06,0.11,0.005,0.019,0.001,0.005,0.001,0.004,None,0.005
42,MR_H2 gable roof,MUR_LWAL_DNO_H2,28.78617,80.98882,0.1016,0.0863,0.928,0.064,0.109,0.006,0.023,0.001,0.007,0.001,0.007,None,0.006
43,MR_H2 gable roof,MUR_LWAL_DNO_H2,28.48617,84.73882,0.0939,0.0749,0.937,0.057,0.106,0.004,0.016,0.001,0.004,0.0,0.002,None,0.005
44,MR_H2 gable roof,MUR_LWAL_DNO_H2,27.73617,87.06382,0.0992,0.0806,0.93,0.063,0.109,0.005,0.019,0.001,0.005,0.001,0.004,None,0.005
45,MR_H2 gable roof,MUR_LWAL_DNO_H2,29.23617,83.16382,0.0891,0.0641,0.946,0.051,0.09,0.003,0.011,0.0,0.002,0.0,0.001,None,0.004
46,MR_H2 gable roof,MUR_LWAL_DNO_H2,28.41117,84.06382,0.0943,0.0748,0.937,0.057,0.107,0.005,0.016,0.001,0.004,0.0,0.002,None,0.005
47,MR_H2 gable roof,MUR_LWAL_DNO_H2,29.76117,82.63882,0.0945,0.0739,0.936,0.058,0.102,0.004,0.016,0.001,0.004,0.0,0.002,None,0.005
48,MR_H2 gable roof,MUR_LWAL_DNO_H2,29.08617,83.46382,0.0955,0.0737,0.932,0.063,0.106,0.004,0.013,0.001,0.003,0.0,0.001,None,0.005
49,MR_H2 gable roof,MUR_LWAL_DNO_H2,28.41117,83.98882,0.0902,0.0629,0.949,0.048,0.085,0.003,0.013,0.001,0.004,0.0,0.003,None,0.003
50,MR_H2 gable roof,MUR_LWAL_DNO_H2,28.33617,85.03882,0.0912,0.0741,0.944,0.05,0.091,0.004,0.018,0.001,0.006,0.001,0.005,None,0.004
51,MR_H2 gable roof,MUR_LWAL_DNO_H2,27.66117,87.06382,0.0887,0.0668,0.948,0.047,0.09,0.003,0.014,0.001,0.004,0.0,0.002,None,0.004
52,MR_H2 gable roof,MUR_LWAL_DNO_H2,30.06117,81.88882,0.0939,0.0778,0.94,0.054,0.101,0.005,0.02,0.001,0.006,0.001,0.004,None,0.005
53,MR_H2 gable roof,MUR_LWAL_DNO_H2,29.31117,83.91382,0.0921,0.0644,0.944,0.052,0.09,0.003,0.012,0.001,0.003,0.0,0.002,None,0.004
54,MR_H2 gable roof,MUR_LWAL_DNO_H2,29.01117,83.23882,0.0971,0.0706,0.935,0.06,0.102,0.004,0.013,0.001,0.003,0.0,0.002,None,0.004
55,RCC_H4 gaqble roof,CR_LFINF_DUL_H4,28.78617,83.98882,0.0911,0.0651,0.87,0.125,0.174,0.004,0.018,0.0,0.003,0.0,0.001,None,0.007
56,RCC_H4 gaqble roof,CR_LFINF_DUL_H4,30.13617,82.11382,0.0963,0.0676,0.852,0.143,0.188,0.004,0.017,0.0,0.003,0.0,0.001,None,0.008
57,RCC_H4 gaqble roof,CR_LFINF_DUL_H4,28.93617,83.68882,0.0955,0.068,0.855,0.14,0.188,0.005,0.017,0.0,0.003,0.0,0.001,None,0.008
58,RCC_H4 gaqble roof,CR_LFINF_DUL_H4,28.86117,83.91382,0.1003,0.0853,0.845,0.146,0.201,0.007,0.03,0.001,0.008,0.001,0.006,None,0.01
59,RCC_H4 gaqble roof,CR_LFINF_DUL_H4,28.71117,83.91382,0.0924,0.0631,0.865,0.131,0.179,0.004,0.015,0.0,0.003,0.0,0.001,None,0.008
60,RCC_H4 gaqble roof,CR_LFINF_DUL_H4,28.48617,83.91382,0.0931,0.0658,0.864,0.132,0.187,0.004,0.015,0.0,0.002,0.0,0.001,None,0.008
61,RCC_H4 gaqble roof,CR_LFINF_DUL_H4,29.83617,81.13882,0.0945,0.0727,0.86,0.134,0.185,0.005,0.021,0.001,0.007,0.0,0.006,None,0.008
62,RCC_H4 gaqble roof,CR_LFINF_DUL_H4,29.23617,83.08882,0.0913,0.0691,0.87,0.124,0.179,0.005,0.02,0.001,0.004,0.0,0.002,None,0.008
63,RCC_H4 gaqble roof,CR_LFINF_DUL_H4,28.86117,82.93882,0.0907,0.0673,0.874,0.12,0.176,0.004,0.02,0.001,0.004,0.0,0.002,None,0.007
64,RCC_H4 gaqble roof,CR_LFINF_DUL_H4,29.16117,84.06382,0.0967,0.0841,0.856,0.135,0.197,0.007,0.03,0.001,0.008,0.001,0.005,None,0.009
65,RCC_H4 gaqble roof,CR_LFINF_DUL_H4,28.93617,83.23882,0.0905,0.0723,0.874,0.12,0.176,0.005,0.025,0.001,0.006,0.0,0.003,None,0.008
66,RCC_H4 gaqble roof,CR_LFINF_DUL_H4,27.43617,84.58882,0.0915,0.0728,0.873,0.121,0.176,0.005,0.025,0.001,0.007,0.0,0.005,None,0.008
67,RCC_H4 gaqble roof,CR_LFINF_DUL_H4,27.66117,87.13882,0.09,0.07,0.874,0.121,0.179,0.005,0.022,0.001,0.005,0.0,0.003,None,0.008
68,RCC_H4 gaqble roof,CR_LFINF_DUL_H4,30.28617,81.81382,0.0934,0.0701,0.863,0.131,0.189,0.005,0.019,0.001,0.003,0.0,0.001,None,0.008
69,RCC_H4 gaqble roof,CR_LFINF_DUL_H4,29.08617,82.78882,0.0974,0.0708,0.848,0.146,0.193,0.005,0.019,0.001,0.004,0.0,0.002,None,0.009
70,RCC_H4 gaqble roof,CR_LFINF_DUL_H4,27.73617,82.63882,0.0967,0.0728,0.855,0.139,0.187,0.005,0.023,0.001,0.006,0.0,0.003,None,0.009
71,RCC_H4 gaqble roof,CR_LFINF_DUL_H4,29.16117,82.71382,0.098,0.0815,0.855,0.137,0.191,0.007,0.029,0.001,0.009,0.001,0.006,None,0.009
72,RCC_H4 gaqble roof,CR_LFINF_DUL_H4,28.48617,84.51382,0.0937,0.066,0.86,0.135,0.187,0.004,0.015,0.0,0.002,0.0,0.001,None,0.008
73,RCC_H4 gaqble roof,CR_LFINF_DUL_H4,29.16117,83.01382,0.0931,0.0701,0.862,0.132,0.191,0.005,0.018,0.001,0.003,0.0,0.001,None,0.008
74,RCC_H4 gaqble roof,CR_LFINF_DUL_H4,28.56117,81.36382,0.0933,0.0712,0.861,0.134,0.186,0.005,0.021,0.001,0.005,0.0,0.003,None,0.008
75,RCC_H4 gaqble roof,CR_LFINF_DUL_H4,29.23617,83.23882,0.0944,0.0655,0.862,0.134,0.18,0.004,0.017,0.0,0.003,0.0,0.001,None,0.008
76,RCC_H4 gaqble roof,CR_LFINF_DUL_H4,29.23617,84.13882,0.0933,0.0726,0.865,0.129,0.182,0.005,0.023,0.001,0.006,0.0,0.003,None,0.008
77,RCC_H4 gaqble roof,CR_LFINF_DUL_H4,30.21117,82.03882,0.0941,0.0664,0.863,0.132,0.183,0.004,0.017,0.0,0.002,0.0,0.001,None,0.008
78,RCC_H4 gaqble roof,CR_LFINF_DUL_H4,29.01117,83.01382,0.0965,0.0803,0.857,0.136,0.19,0.006,0.027,0.001,0.008,0.0,0.006,None,0.009
79,RCC_H3 flat roof,CR_LFINF_DUL_H3,29.31117,82.63882,0.0936,0.0737,0.96,0.039,0.086,0.001,0.006,0.0,0.001,0.0,0.0,None,0.002
80,RCC_H3 flat roof,CR_LFINF_DUL_H3,29.08617,83.98882,0.1001,0.0758,0.953,0.045,0.089,0.001,0.005,0.0,0.001,0.0,0.0,None,0.003
81,RCC_H3 flat roof,CR_LFINF_DUL_H3,27.58617,88.03882,0.0989,0.0812,0.954,0.045,0.096,0.001,0.008,0.0,0.002,0.0,0.001,None,0.003
82,RCC_H3 flat roof,CR_LFINF_DUL_H3,30.28617,81.96382,0.0941,0.0717,0.961,0.038,0.084,0.001,0.006,0.0,0.001,0.0,0.0,None,0.002
83,RCC_H3 flat roof,CR_LFINF_DUL_H3,29.23617,82.78882,0.0942,0.0662,0.962,0.037,0.076,0.001,0.004,0.0,0.001,0.0,0.0,None,0.002
84,RCC_H3 flat roof,CR_LFINF_DUL_H3,29.01117,83.31382,0.0915,0.066,0.963,0.036,0.075,0.001,0.003,0.0,0.0,0.0,0.0,None,0.002
85,RCC_H3 flat roof,CR_LFINF_DUL_H3,28.41117,84.96382,0.092,0.0734,0.961,0.038,0.083,0.001,0.006,0.0,0.001,0.0,0.001,None,0.002
86,RCC_H3 flat roof,CR_LFINF_DUL_H3,29.31117,82.78882,0.0974,0.0773,0.957,0.042,0.087,0.001,0.008,0.0,0.002,0.0,0.001,None,0.003
87,RCC_H3 flat roof,CR_LFINF_DUL_H3,29.01117,83.46382,0.0935,0.0758,0.96,0.039,0.083,0.001,0.008,0.0,0.002,0.0,0.001,None,0.002
88,RCC_H3 flat roof,CR_LFINF_DUL_H3,29.98617,81.51382,0.1028,0.0906,0.949,0.049,0.105,0.002,0.011,0.0,0.002,0.0,0.001,None,0.003
89,RCC_H3 flat roof,CR_LFINF_DUL_H3,29.53617,83.16382,0.0962,0.0771,0.959,0.039,0.089,0.001,0.008,0.0,0.002,0.0,0.001,None,0.002
90,RCC_H3 flat roof,CR_LFINF_DUL_H3,28.93617,83.61382,0.0969,0.0833,0.955,0.043,0.092,0.001,0.01,0.0,0.002,0.0,0.001,None,0.003
91,RCC_H3 flat roof,CR_LFINF_DUL_H3,27.73617,87.13882,0.0915,0.0675,0.963,0.036,0.076,0.001,0.004,0.0,0.001,0.0,0.0,None,0.002
92,RCC_H3 flat roof,CR_LFINF_DUL_H3,30.06117,81.43882,0.0944,0.0682,0.962,0.037,0.079,0.001,0.005,0.0,0.001,0.0,0.0,None,0.002
93,RCC_H3 flat roof,CR_LFINF_DUL_H3,28.41117,83.91382,0.0949,0.0664,0.96,0.039,0.076,0.001,0.003,0.0,0.0,0.0,0.0,None,0.002
94,RCC_H3 flat roof,CR_LFINF_DUL_H3,30.28617,81.51382,0.0956,0.07,0.957,0.042,0.081,0.001,0.003,0.0,0.0,0.0,0.0,None,0.002
95,RCC_H3 flat roof,CR_LFINF_DUL_H3,29.98617,82.18882,0.0942,0.0711,0.958,0.041,0.083,0.001,0.003,0.0,0.0,0.0,0.0,None,0.002
96,RCC_H3 flat roof,CR_LFINF_DUL_H3,29.16117,82.56382,0.0993,0.0778,0.954,0.044,0.087,0.001,0.008,0.0,0.002,0.0,0.001,None,0.003
97,RCC_H3 flat roof,CR_LFINF_DUL_H3,28.63617,83.68882,0.0971,0.0758,0.955,0.043,0.09,0.001,0.005,0.0,0.001,0.0,0.0,None,0.003
98,RCC_H3 flat roof,CR_LFINF_DUL_H3,27.81117,87.58882,0.0971,0.0758,0.955,0.043,0.09,0.001,0.005,0.0,0.001,0.0,0.0,None,0.003
99,RCC_H3 flat roof,CR_LFINF_DUL_H3,29.31117,83.08882,0.0943,0.0777,0.958,0.041,0.089,0.001,0.008,0.0,0.002,0.0,0.001,None,0.002
100,RCC_H3 flat roof,CR_LFINF_DUL_H3,27.58617,87.51382,0.0944,0.0737,0.959,0.04,0.087,0.001,0.005,0.0,0.001,0.0,0.0,None,0.002
101,RCC_H3 flat roof,CR_LFINF_DUL_H3,29.61117,82.93882,0.0937,0.0694,0.96,0.039,0.08,0.001,0.004,0.0,0.001,0.0,0.0,None,0.002
102,RCC_H3 flat roof,CR_LFINF_DUL_H3,28.48617,84.28882,0.0958,0.075,0.96,0.038,0.082,0.001,0.009,0.0,0.002,0.0,0.001,None,0.002
103,RCC_H3 flat roof,CR_LFINF_DUL_H3,27.81117,87.13882,0.0966,0.0709,0.958,0.041,0.082,0.001,0.005,0.0,0.001,0.0,0.0,None,0.002
104,RCC_H3 flat roof,CR_LFINF_DUL_H3,30.13617,81.58882,0.0937,0.0694,0.96,0.039,0.08,0.001,0.004,0.0,0.001,0.0,0.0,None,0.002
105,RCC_H3 flat roof,CR_LFINF_DUL_H3,30.13617,81.96382,0.0987,0.0794,0.955,0.043,0.091,0.001,0.009,0.0,0.002,0.0,0.001,None,0.003
106,RCC_H3 flat roof,CR_LFINF_DUL_H3,30.13617,81.66382,0.0931,0.0668,0.962,0.037,0.078,0.001,0.003,0.0,0.0,0.0,0.0,None,0.002
107,RCC_H3 flat roof,CR_LFINF_DUL_H3,28.33617,81.58882,0.0992,0.082,0.952,0.046,0.098,0.001,0.008,0.0,0.002,0.0,0.001,None,0.003
108,RCC_H1 flat roof,CR_LFINF_DUL_H1,27.73617,87.21382,0.0915,0.0704,0.985,0.013,0.053,0.001,0.01,0.0,0.003,0.0,0.003,None,0.001
109,RCC_H1 flat roof,CR_LFINF_DUL_H1,28.56117,81.43882,0.0892,0.066,0.987,0.012,0.043,0.001,0.004,0.0,0.001,0.0,0.0,None,0.001
110,RCC_H1 flat roof,CR_LFINF_DUL_H1,29.23617,82.86382,0.0997,0.0801,0.979,0.018,0.064,0.002,0.014,0.001,0.006,0.001,0.009,None,0.002
111,RCC_H1 flat roof,CR_LFINF_DUL_H1,29.01117,83.38882,0.0957,0.0818,0.981,0.015,0.059,0.002,0.015,0.001,0.007,0.001,0.017,None,0.003
112,RCC_H1 flat roof,CR_LFINF_DUL_H1,28.41117,84.58882,0.0923,0.0707,0.986,0.012,0.046,0.001,0.012,0.0,0.005,0.001,0.009,None,0.002
113,RCC_H1 flat roof,CR_LFINF_DUL_H1,29.01117,80.38882,0.0966,0.0771,0.982,0.015,0.058,0.002,0.014,0.001,0.006,0.001,0.007,None,0.002
114,RCC_H1 flat roof,CR_LFINF_DUL_H1,28.11117,81.96382,0.0955,0.0695,0.985,0.014,0.051,0.001,0.009,0.0,0.003,0.0,0.003,None,0.001
115,RCC_H1 flat roof,CR_LFINF_DUL_H1,28.11117,85.86382,0.1011,0.0745,0.981,0.017,0.059,0.001,0.008,0.0,0.002,0.0,0.002,None,0.002
116,RCC_H1 flat roof,CR_LFINF_DUL_H1,30.06117,81.28882,0.1038,0.0823,0.974,0.022,0.074,0.002,0.012,0.001,0.003,0.0,0.003,None,0.002
117,RCC_H1 flat roof,CR_LFINF_DUL_H1,29.61117,82.86382,0.093,0.0658,0.987,0.012,0.047,0.001,0.006,0.0,0.001,0.0,0.001,None,0.001
118,RCC_H1 flat roof,CR_LFINF_DUL_H1,29.31117,83.98882,0.0942,0.0644,0.987,0.012,0.046,0.001,0.007,0.0,0.002,0.0,0.002,None,0.001
119,RCC_H1 flat roof,CR_LFINF_DUL_H1,29.31117,83.01382,0.097,0.074,0.981,0.016,0.065,0.002,0.011,0.0,0.003,0.0,0.003,None,0.002
120,RCC_H1 flat roof,CR_LFINF_DUL_H1,28.93617,83.46382,0.1023,0.0804,0.979,0.017,0.063,0.002,0.016,0.001,0.006,0.001,0.008,None,0.002
121,RCC_H1 flat roof,CR_LFINF_DUL_H1,27.96117,86.76382,0.0978,0.0743,0.983,0.015,0.052,0.001,0.012,0.0,0.005,0.0,0.008,None,0.002
122,RCC_H1 flat roof,CR_LFINF_DUL_H1,28.18617,85.71382,0.0941,0.0663,0.987,0.012,0.044,0.001,0.009,0.0,0.004,0.0,0.004,None,0.001
123,RCC_H1 flat roof,CR_LFINF_DUL_H1,28.33617,84.66382,0.0984,0.0711,0.983,0.015,0.054,0.001,0.007,0.0,0.002,0.0,0.001,None,0.001
124,RCC_H1 flat roof,CR_LFINF_DUL_H1,29.31117,82.86382,0.1,0.0794,0.978,0.019,0.065,0.002,0.012,0.0,0.004,0.0,0.005,None,0.002
125,RCC_H1 flat roof,CR_LFINF_DUL_H1,29.16117,82.63882,0.0889,0.0676,0.986,0.013,0.05,0.001,0.007,0.0,0.002,0.0,0.002,None,0.001
126,RCC_H1 flat roof,CR_LFINF_DUL_H1,28.71117,84.13882,0.0932,0.0681,0.986,0.013,0.051,0.001,0.008,0.0,0.002,0.0,0.002,None,0.001
127,RCC_H1 flat roof,CR_LFINF_DUL_H1,28.71117,83.76382,0.098,0.0755,0.98,0.018,0.063,0.002,0.01,0.0,0.003,0.0,0.002,None,0.002
128,RCC_H1 flat roof,CR_LFINF_DUL_H1,27.58617,87.06382,0.0993,0.0878,0.977,0.018,0.064,0.002,0.017,0.001,0.008,0.001,0.015,None,0.003
129,RCC_H1 flat roof,CR_LFINF_DUL_H1,29.38617,82.86382,0.0936,0.0673,0.986,0.012,0.049,0.001,0.008,0.0,0.003,0.0,0.003,None,0.001
130,RCC_H1 flat roof,CR_LFINF_DUL_H1,27.81117,86.83882,0.1006,0.0819,0.978,0.018,0.064,0.002,0.015,0.001,0.006,0.001,0.009,None,0.002
131,RCC_H1 flat roof,CR_LFINF_DUL_H1,28.86117,80.83882,0.1,0.0785,0.978,0.019,0.069,0.002,0.011,0.001,0.003,0.0,0.003,None,0.002
132,RCC_H1 flat roof,CR_LFINF_DUL_H1,29.01117,83.08882,0.1011,0.0754,0.98,0.017,0.061,0.002,0.011,0.0,0.003,0.0,0.003,None,0.002
133,RCC_H1 flat roof,CR_LFINF_DUL_H1,29.08617,83.38882,0.0993,0.0736,0.981,0.017,0.059,0.001,0.008,0.0,0.002,0.0,0.002,None,0.002
134,Timber,W_WWD_LWAL_DNO_H1,28.48617,81.43882,0.1041,0.0814,0.918,0.073,0.126,0.006,0.023,0.001,0.008,0.001,0.011,None,0.007
135,Timber,W_WWD_LWAL_DNO_H1,30.36117,81.51382,0.0984,0.0749,0.924,0.069,0.122,0.005,0.019,0.001,0.005,0.001,0.004,None,0.006
136,Timber,W_WWD_LWAL_DNO_H1,29.23617,84.06382,0.0974,0.0687,0.93,0.065,0.112,0.004,0.016,0.001,0.005,0.0,0.004,None,0.005
137,Timber,W_WWD_LWAL_DNO_H1,29.16117,82.78882,0.1022,0.0839,0.92,0.071,0.124,0.006,0.025,0.002,0.009,0.001,0.011,None,0.007
138,Timber,W_WWD_LWAL_DNO_H1,28.41117,84.21382,0.0957,0.0703,0.93,0.065,0.116,0.004,0.016,0.001,0.004,0.0,0.003,None,0.005
139,Timber,W_WWD_LWAL_DNO_H1,28.86117,80.76382,0.1006,0.0804,0.922,0.07,0.123,0.005,0.022,0.001,0.008,0.001,0.01,None,0.006
140,Timber,W_WWD_LWAL_DNO_H1,28.78617,83.91382,0.1022,0.0766,0.916,0.076,0.13,0.006,0.018,0.001,0.005,0.001,0.004,None,0.006
141,Timber,W_WWD_LWAL_DNO_H1,29.16117,83.31382,0.0961,0.0682,0.932,0.063,0.112,0.004,0.016,0.001,0.004,0.0,0.003,None,0.005
142,Timber,W_WWD_LWAL_DNO_H1,29.76117,81.58882,0.094,0.0681,0.933,0.062,0.114,0.004,0.014,0.001,0.003,0.0,0.002,None,0.005
143,Timber,W_WWD_LWAL_DNO_H1,27.73617,82.71382,0.0965,0.0816,0.928,0.064,0.119,0.005,0.02,0.001,0.008,0.001,0.015,None,0.006
144,Timber,W_WWD_LWAL_DNO_H1,28.86117,80.98882,0.1038,0.0822,0.915,0.076,0.135,0.007,0.023,0.001,0.007,0.001,0.008,None,0.007
145,Timber,W_WWD_LWAL_DNO_H1,30.21117,81.96382,0.1025,0.0849,0.918,0.073,0.131,0.007,0.025,0.002,0.008,0.001,0.009,None,0.007
146,Timber,W_WWD_LWAL_DNO_H1,28.41117,85.11382,0.0977,0.073,0.926,0.068,0.119,0.005,0.017,0.001,0.005,0.001,0.003,None,0.005
147,Timber,W_WWD_LWAL_DNO_H1,29.83617,81.36382,0.1024,0.0883,0.92,0.07,0.126,0.007,0.027,0.002,0.011,0.002,0.013,None,0.007
148,Timber,W_WWD_LWAL_DNO_H1,28.93617,83.76382,0.0963,0.0743,0.931,0.062,0.118,0.005,0.02,0.001,0.006,0.001,0.006,None,0.005
149,Timber,W_WWD_LWAL_DNO_H1,29.53617,83.01382,0.0961,0.0807,0.932,0.06,0.117,0.005,0.023,0.001,0.009,0.001,0.012,None,0.006
150,Timber,W_WWD_LWAL_DNO_H1,29.91117,81.73882,0.0958,0.0719,0.932,0.062,0.115,0.004,0.018,0.001,0.006,0.001,0.006,None,0.005
151,Timber,W_WWD_LWAL_DNO_H1,27.66117,87.43882,0.0939,0.066,0.934,0.062,0.109,0.004,0.013,0.001,0.003,0.0,0.002,None,0.004
152,Timber,W_WWD_LWAL_DNO_H1,27.51117,88.03882,0.098,0.0691,0.929,0.065,0.112,0.004,0.016,0.001,0.005,0.001,0.004,None,0.005
153,Timber,W_WWD_LWAL_DNO_H1,30.13617,81.73882,0.0949,0.0762,0.931,0.063,0.116,0.005,0.021,0.001,0.007,0.001,0.007,None,0.006
154,Timber,W_WWD_LWAL_DNO_H1,28.93617,83.53882,0.1011,0.0907,0.919,0.07,0.13,0.007,0.029,0.002,0.01,0.002,0.011,None,0.008
155,Timber,W_WWD_LWAL_DNO_H1,27.73617,86.53882,0.0977,0.0787,0.928,0.065,0.115,0.004,0.018,0.001,0.008,0.001,0.015,None,0.006
156,Timber,W_WWD_LWAL_DNO_H1,29.98617,82.33882,0.0947,0.0696,0.934,0.06,0.114,0.004,0.017,0.001,0.005,0.001,0.004,None,0.005
157,Timber,W_WWD_LWAL_DNO_H1,29.46117,81.88882,0.0975,0.0808,0.93,0.062,0.111,0.005,0.024,0.001,0.01,0.001,0.012,None,0.006
158,Timber,W_WWD_LWAL_DNO_H1,27.96117,86.61382,0.0986,0.0764,0.924,0.069,0.126,0.005,0.02,0.001,0.005,0.001,0.004,None,0.006
159,Timber,W_WWD_LWAL_DNO_H1,27.66117,86.91382,0.0979,0.0794,0.926,0.066,0.119,0.005,0.023,0.001,0.008,0.001,0.008,None,0.006
160,RCC_H2 gable roof,CR_LFINF_DUL_H2,29.46117,83.31382,0.1012,0.0788,0.936,0.062,0.106,0.001,0.008,0.0,0.002,0.0,0.001,None,0.004
161,RCC_H2 gable roof,CR_LFINF_DUL_H2,29.23617,83.31382,0.1038,0.0755,0.933,0.065,0.107,0.001,0.006,0.0,0.001,0.0,0.001,None,0.004
162,RCC_H2 gable roof,CR_LFINF_DUL_H2,29.08617,83.53882,0.0985,0.0762,0.939,0.059,0.107,0.001,0.006,0.0,0.001,0.0,0.001,None,0.003
163,RCC_H2 gable roof,CR_LFINF_DUL_H2,28.93617,80.68882,0.1012,0.0788,0.936,0.062,0.106,0.001,0.008,0.0,0.002,0.0,0.001,None,0.004
164,RCC_H2 gable roof,CR_LFINF_DUL_H2,29.01117,83.53882,0.1002,0.0829,0.937,0.061,0.111,0.002,0.009,0.0,0.002,0.0,0.001,None,0.004
165,RCC_H2 gable roof,CR_LFINF_DUL_H2,28.78617,81.13882,0.0999,0.0831,0.935,0.063,0.117,0.002,0.008,0.0,0.002,0.0,0.001,None,0.004
166,RCC_H1 flat roof,CR_LFINF_DUL_H1,28.48617,83.98882,0.1002,0.075,0.98,0.018,0.06,0.002,0.009,0.0,0.003,0.0,0.002,None,0.002
167,RCC_H1 flat roof,CR_LFINF_DUL_H1,29.38617,83.23882,0.1015,0.0794,0.978,0.019,0.065,0.002,0.012,0.001,0.004,0.0,0.006,None,0.002
168,RCC_H1 flat roof,CR_LFINF_DUL_H1,29.08617,83.01382,0.0974,0.0728,0.982,0.016,0.056,0.001,0.009,0.0,0.003,0.0,0.003,None,0.001
169,RCC_H1 flat roof,CR_LFINF_DUL_H1,28.71117,83.31382,0.0998,0.0825,0.977,0.019,0.069,0.002,0.015,0.001,0.006,0.001,0.006,None,0.002
170,RCC_H1 flat roof,CR_LFINF_DUL_H1,27.73617,86.91382,0.0968,0.0757,0.983,0.015,0.054,0.002,0.013,0.0,0.006,0.001,0.009,None,0.002
171,RCC_H1 flat roof,CR_LFINF_DUL_H1,29.31117,83.16382,0.0997,0.0822,0.98,0.017,0.058,0.002,0.016,0.001,0.008,0.001,0.013,None,0.003
172,RCC_H1 flat roof,CR_LFINF_DUL_H1,28.93617,80.61382,0.1002,0.0829,0.978,0.018,0.065,0.002,0.016,0.001,0.007,0.001,0.01,None,0.003
173,RCC_H1 flat roof,CR_LFINF_DUL_H1,29.01117,83.91382,0.1002,0.075,0.98,0.018,0.06,0.002,0.009,0.0,0.003,0.0,0.002,None,0.002
174,RCC_H1 flat roof,CR_LFINF_DUL_H1,30.28617,82.03882,0.1015,0.0794,0.978,0.019,0.065,0.002,0.012,0.001,0.004,0.0,0.006,None,0.002
175,RCC_H1 flat roof,CR_LFINF_DUL_H1,29.31117,83.38882,0.0974,0.0728,0.982,0.016,0.056,0.001,0.009,0.0,0.003,0.0,0.003,None,0.001
176,RCC_H3 flat roof,CR_LFINF_DUL_H3,28.86117,80.68882,0.0979,0.0727,0.957,0.042,0.087,0.001,0.005,0.0,0.001,0.0,0.0,None,0.002
177,RCC_H3 flat roof,CR_LFINF_DUL_H3,28.71117,83.46382,0.0959,0.0721,0.958,0.04,0.085,0.001,0.005,0.0,0.001,0.0,0.0,None,0.002
178,RCC_H3 flat roof,CR_LFINF_DUL_H3,28.41117,84.13882,0.0969,0.0726,0.956,0.043,0.086,0.001,0.004,0.0,0.001,0.0,0.0,None,0.002
179,RCC_H3 flat roof,CR_LFINF_DUL_H3,29.16117,83.08882,0.0928,0.0677,0.963,0.036,0.077,0.001,0.005,0.0,0.001,0.0,0.0,None,0.002
180,RCC_H3 flat roof,CR_LFINF_DUL_H3,28.78617,84.13882,0.0988,0.0761,0.953,0.045,0.092,0.001,0.005,0.0,0.001,0.0,0.0,None,0.003
181,RCC_H3 flat roof,CR_LFINF_DUL_H3,28.33617,85.11382,0.0955,0.0728,0.96,0.039,0.085,0.001,0.006,0.0,0.001,0.0,0.001,None,0.002
182,RCC_H3 flat roof,CR_LFINF_DUL_H3,29.01117,84.06382,0.1036,0.0735,0.952,0.047,0.09,0.001,0.004,0.0,0.001,0.0,0.0,None,0.003
183,RCC_H3 flat roof,CR_LFINF_DUL_H3,29.61117,83.01382,0.0962,0.0724,0.958,0.041,0.082,0.001,0.006,0.0,0.001,0.0,0.001,None,0.002
184,RCC_H3 flat roof,CR_LFINF_DUL_H3,27.73617,86.83882,0.1009,0.0817,0.951,0.047,0.099,0.001,0.007,0.0,0.001,0.0,0.001,None,0.003
185,RCC_H3 flat roof,CR_LFINF_DUL_H3,28.78617,84.36382,0.1033,0.0761,0.95,0.049,0.094,0.001,0.005,0.0,0.001,0.0,0.0,None,0.003
186,MR_H1 flat roof,MUR_LWAL_DNO_H1,28.56117,84.13882,0.0952,0.0729,0.971,0.026,0.067,0.002,0.012,0.0,0.004,0.0,0.003,None,0.002
187,MR_H1 flat roof,MUR_LWAL_DNO_H1,29.01117,83.16382,0.1012,0.072,0.968,0.03,0.069,0.002,0.01,0.0,0.003,0.0,0.002,None,0.002
188,MR_H1 flat roof,MUR_LWAL_DNO_H1,29.23617,83.01382,0.1,0.0791,0.967,0.03,0.067,0.002,0.014,0.001,0.006,0.0,0.007,None,0.003
189,MR_H1 flat roof,MUR_LWAL_DNO_H1,28.86117,82.86382,0.0951,0.071,0.971,0.026,0.066,0.002,0.01,0.0,0.003,0.0,0.002,None,0.002
190,MR_H1 flat roof,MUR_LWAL_DNO_H1,28.56117,85.03882,0.0936,0.0706,0.972,0.026,0.068,0.002,0.009,0.0,0.002,0.0,0.001,None,0.002
191,MR_H1 flat roof,MUR_LWAL_DNO_H1,28.78617,83.31382,0.0955,0.0641,0.973,0.025,0.057,0.001,0.005,0.0,0.001,0.0,0.0,None,0.002
192,MR_H1 flat roof,MUR_LWAL_DNO_H1,28.18617,81.88882,0.0918,0.0671,0.975,0.023,0.058,0.001,0.01,0.0,0.003,0.0,0.002,None,0.002
193,MR_H2 gable roof,MUR_LWAL_DNO_H2,29.31117,83.23882,0.0961,0.0708,0.938,0.057,0.098,0.004,0.015,0.001,0.004,0.0,0.002,None,0.004
194,MR_H2 gable roof,MUR_LWAL_DNO_H2,29.16117,84.13882,0.095,0.0771,0.939,0.055,0.094,0.004,0.015,0.001,0.006,0.001,0.01,None,0.005
195,MR_H2 gable roof,MUR_LWAL_DNO_H2,28.78617,84.21382,0.095,0.0771,0.939,0.055,0.094,0.004,0.015,0.001,0.006,0.001,0.01,None,0.005
196,MR_H2 gable roof,MUR_LWAL_DNO_H2,27.96117,86.83882,0.1008,0.0747,0.928,0.066,0.108,0.005,0.015,0.001,0.003,0.0,0.002,None,0.005
197,MR_H2 gable roof,MUR_LWAL_DNO_H2,27.73617,87.58882,0.1024,0.0747,0.927,0.066,0.106,0.005,0.016,0.001,0.004,0.0,0.003,None,0.005
198,MR_H2 gable roof,MUR_LWAL_DNO_H2,28.93617,83.31382,0.0945,0.065,0.94,0.056,0.092,0.003,0.011,0.001,0.002,0.0,0.001,None,0.004
199,MR_H2 gable roof,MUR_LWAL_DNO_H2,30.06117,81.96382,0.0987,0.0776,0.932,0.062,0.106,0.005,0.018,0.001,0.005,0.001,0.004,None,0.005
200,MR_H2 gable roof,MUR_LWAL_DNO_H2,29.08617,82.93882,0.0977,0.0701,0.932,0.063,0.1,0.004,0.012,0.001,0.003,0.0,0.001,None,0.005
201,MR_H2 gable roof,MUR_LWAL_DNO_H2,28.78617,80.98882,0.0956,0.0667,0.937,0.059,0.096,0.003,0.011,0.001,0.002,0.0,0.001,None,0.004
202,MR_H2 gable roof,MUR_LWAL_DNO_H2,28.48617,84.73882,0.1003,0.0812,0.93,0.063,0.108,0.005,0.02,0.001,0.006,0.001,0.005,None,0.005
203,MR_H2 gable roof,MUR_LWAL_DNO_H2,27.73617,87.06382,0.0967,0.0818,0.937,0.057,0.098,0.005,0.02,0.001,0.008,0.001,0.008,None,0.005
204,MR_H2 gable roof,MUR_LWAL_DNO_H2,29.23617,83.16382,0.0978,0.0757,0.934,0.061,0.102,0.005,0.017,0.001,0.005,0.0,0.003,None,0.005
205,MR_H2 gable roof,MUR_LWAL_DNO_H2,28.41117,84.06382,0.0936,0.0708,0.941,0.054,0.095,0.004,0.016,0.001,0.004,0.0,0.003,None,0.004
206,MR_H2 gable roof,MUR_LWAL_DNO_H2,29.76117,82.63882,0.1024,0.0858,0.929,0.063,0.104,0.005,0.023,0.001,0.008,0.001,0.008,None,0.006
207,MR_H2 gable roof,MUR_LWAL_DNO_H2,29.08617,83.46382,0.0999,0.0784,0.929,0.065,0.112,0.005,0.017,0.001,0.005,0.001,0.003,None,0.005
208,MR_H2 gable roof,MUR_LWAL_DNO_H2,28.41117,83.98882,0.1018,0.0721,0.928,0.066,0.104,0.004,0.014,0.001,0.004,0.0,0.002,None,0.005
209,MR_H2 gable roof,MUR_LWAL_DNO_H2,28.33617,85.03882,0.0906,0.0692,0.945,0.051,0.093,0.004,0.015,0.001,0.004,0.0,0.003,None,0.004
210,MR_H2 gable roof,MUR_LWAL_DNO_H2,27.66117,87.06382,0.1046,0.0838,0.919,0.073,0.114,0.006,0.019,0.001,0.006,0.001,0.005,None,0.006
211,MR_H2 gable roof,MUR_LWAL_DNO_H2,30.06117,81.88882,0.0988,0.0783,0.931,0.062,0.105,0.005,0.019,0.001,0.005,0.001,0.004,None,0.005
212,MR_H2 gable roof,MUR_LWAL_DNO_H2,29.31117,83.91382,0.0969,0.072,0.936,0.059,0.101,0.004,0.015,0.001,0.004,0.0,0.002,None,0.005
213,MR_H2 gable roof,MUR_LWAL_DNO_H2,29.01117,83.23882,0.0948,0.0782,0.936,0.058,0.102,0.004,0.018,0.001,0.006,0.001,0.005,None,0.005
214,RCC_H4 gaqble roof,CR_LFINF_DUL_H4,28.78617,83.98882,0.0998,0.0758,0.846,0.146,0.199,0.006,0.023,0.001,0.004,0.0,0.002,None,0.009
215,RCC_H4 gaqble roof,CR_LFINF_DUL_H4,30.13617,82.11382,0.0983,0.075,0.851,0.142,0.187,0.006,0.025,0.001,0.006,0.0,0.003,None,0.009
216,RCC_H4 gaqble roof,CR_LFINF_DUL_H4,28.93617,83.68882,0.0954,0.0717,0.86,0.134,0.187,0.005,0.022,0.001,0.005,0.0,0.002,None,0.008
217,RCC_H4 gaqble roof,CR_LFINF_DUL_H4,28.86117,83.91382,0.0991,0.0766,0.847,0.146,0.193,0.006,0.025,0.001,0.007,0.0,0.004,None,0.009
218,RCC_H4 gaqble roof,CR_LFINF_DUL_H4,28.71117,83.91382,0.0982,0.071,0.848,0.146,0.197,0.005,0.018,0.001,0.003,0.0,0.001,None,0.009
219,RCC_H4 gaqble roof,CR_LFINF_DUL_H4,28.48617,83.91382,0.0993,0.0745,0.851,0.142,0.19,0.006,0.024,0.001,0.005,0.0,0.002,None,0.009
220,RCC_H4 gaqble roof,CR_LFINF_DUL_H4,29.83617,81.13882,0.0951,0.0684,0.861,0.133,0.18,0.005,0.021,0.001,0.004,0.0,0.001,None,0.008
221,RCC_H4 gaqble roof,CR_LFINF_DUL_H4,29.23617,83.08882,0.0976,0.072,0.851,0.143,0.196,0.005,0.02,0.001,0.004,0.0,0.001,None,0.009
222,RCC_H4 gaqble roof,CR_LFINF_DUL_H4,28.86117,82.93882,0.098,0.0735,0.854,0.14,0.179,0.005,0.026,0.001,0.007,0.0,0.003,None,0.009
223,RCC_H4 gaqble roof,CR_LFINF_DUL_H4,29.16117,84.06382,0.0989,0.0791,0.851,0.141,0.189,0.006,0.029,0.001,0.007,0.0,0.004,None,0.009
224,RCC_H4 gaqble roof,CR_LFINF_DUL_H4,28.93617,83.23882,0.1043,0.0731,0.833,0.16,0.199,0.006,0.022,0.001,0.004,0.0,0.002,None,0.01
225,RCC_H4 gaqble roof,CR_LFINF_DUL_H4,27.43617,84.58882,0.1,0.0759,0.843,0.15,0.197,0.006,0.024,0.001,0.005,0.0,0.002,None,0.009
226,RCC_H4 gaqble roof,CR_LFINF_DUL_H4,27.66117,87.13882,0.102,0.085,0.844,0.147,0.197,0.007,0.03,0.001,0.009,0.001,0.007,None,0.01
227,RCC_H4 gaqble roof,CR_LFINF_DUL_H4,30.28617,81.81382,0.0948,0.0782,0.859,0.134,0.191,0.006,0.026,0.001,0.007,0.0,0.005,None,0.009
228,RCC_H4 gaqble roof,CR_LFINF_DUL_H4,29.08617,82.78882,0.0976,0.0737,0.853,0.14,0.186,0.005,0.024,0.001,0.006,0.0,0.004,None,0.009
229,RCC_H4 gaqble roof,CR_LFINF_DUL_H4,27.73617,82.63882,0.099,0.0786,0.847,0.146,0.201,0.006,0.025,0.001,0.006,0.0,0.004,None,0.009
230,RCC_H4 gaqble roof,CR_LFINF_DUL_H4,29.16117,82.71382,0.099,0.0786,0.847,0.146,0.201,0.006,0.025,0.001,0.006,0.0,0.004,None,0.009
231,RCC_H4 gaqble roof,CR_LFINF_DUL_H4,28.48617,84.51382,0.0906,0.0683,0.873,0.121,0.174,0.005,0.021,0.001,0.004,0.0,0.001,None,0.007
232,RCC_H4 gaqble roof,CR_LFINF_DUL_H4,29.16117,83.01382,0.0952,0.0691,0.854,0.141,0.196,0.005,0.016,0.0,0.002,0.0,0.001,None,0.008
233,RCC_H4 gaqble roof,CR_LFINF_DUL_H4,28.56117,81.36382,0.0976,0.0718,0.848,0.146,0.198,0.005,0.019,0.001,0.003,0.0,0.001,None,0.009
234,RCC_H4 gaqble roof,CR_LFINF_DUL_H4,29.23617,83.23882,0.0958,0.0814,0.861,0.131,0.185,0.006,0.03,0.001,0.009,0.001,0.006,None,0.009
235,RCC_H4 gaqble roof,CR_LFINF_DUL_H4,29.23617,84.13882,0.1013,0.0822,0.844,0.147,0.19,0.007,0.03,0.001,0.009,0.001,0.006,None,0.01
236,RCC_H4 gaqble roof,CR_LFINF_DUL_H4,30.21117,82.03882,0.0991,0.0766,0.847,0.146,0.193,0.006,0.025,0.001,0.007,0.0,0.004,None,0.009
237,RCC_H4 gaqble roof,CR_LFINF_DUL_H4,29.01117,83.01382,0.0951,0.0778,0.862,0.131,0.182,0.006,0.027,0.001,0.008,0.0,0.006,None,0.009
238,RCC_H3 flat roof,CR_LFINF_DUL_H3,29.31117,82.63882,0.0963,0.0734,0.958,0.041,0.086,0.001,0.005,0.0,0.001,0.0,0.0,None,0.002
239,RCC_H3 flat roof,CR_LFINF_DUL_H3,29.08617,83.98882,0.0951,0.0707,0.961,0.038,0.082,0.001,0.006,0.0,0.001,0.0,0.001,None,0.002
240,RCC_H3 flat roof,CR_LFINF_DUL_H3,27.58617,88.03882,0.0964,0.0742,0.957,0.041,0.09,0.001,0.005,0.0,0.001,0.0,0.0,None,0.002
241,RCC_H3 flat roof,CR_LFINF_DUL_H3,30.28617,81.96382,0.0947,0.0699,0.961,0.038,0.081,0.001,0.005,0.0,0.001,0.0,0.0,None,0.002
242,RCC_H3 flat roof,CR_LFINF_DUL_H3,29.23617,82.78882,0.099,0.0786,0.953,0.045,0.092,0.001,0.007,0.0,0.002,0.0,0.001,None,0.003
243,RCC_H3 flat roof,CR_LFINF_DUL_H3,29.01117,83.31382,0.0935,0.0677,0.961,0.038,0.077,0.001,0.004,0.0,0.001,0.0,0.0,None,0.002
244,RCC_H3 flat roof,CR_LFINF_DUL_H3,28.41117,84.96382,0.0935,0.0729,0.962,0.037,0.08,0.001,0.008,0.0,0.002,0.0,0.001,None,0.002
245,RCC_H3 flat roof,CR_LFINF_DUL_H3,29.31117,82.78882,0.0947,0.0675,0.96,0.039,0.074,0.001,0.004,0.0,0.001,0.0,0.0,None,0.002
246,RCC_H3 flat roof,CR_LFINF_DUL_H3,29.01117,83.46382,0.0965,0.0689,0.958,0.041,0.079,0.001,0.003,0.0,0.001,0.0,0.0,None,0.002
247,RCC_H3 flat roof,CR_LFINF_DUL_H3,29.98617,81.51382,0.0963,0.0708,0.958,0.041,0.082,0.001,0.004,0.0,0.001,0.0,0.0,None,0.002
248,RCC_H3 flat roof,CR_LFINF_DUL_H3,29.53617,83.16382,0.0963,0.0708,0.958,0.041,0.082,0.001,0.004,0.0,0.001,0.0,0.0,None,0.002
249,RCC_H3 flat roof,CR_LFINF_DUL_H3,28.93617,83.61382,0.0998,0.0764,0.955,0.044,0.086,0.001,0.007,0.0,0.002,0.0,0.001,None,0.003
250,RCC_H3 flat roof,CR_LFINF_DUL_H3,27.73617,87.13882,0.0938,0.0743,0.959,0.039,0.087,0.001,0.006,0.0,0.001,0.0,0.001,None,0.002
251,RCC_H3 flat roof,CR_LFINF_DUL_H3,30.06117,81.43882,0.0987,0.0754,0.955,0.044,0.088,0.001,0.006,0.0,0.001,0.0,0.001,None,0.003
252,RCC_H3 flat roof,CR_LFINF_DUL_H3,28.41117,83.91382,0.0987,0.0754,0.955,0.044,0.088,0.001,0.006,0.0,0.001,0.0,0.001,None,0.003
253,RCC_H3 flat roof,CR_LFINF_DUL_H3,30.28617,81.51382,0.0994,0.0709,0.957,0.042,0.08,0.001,0.005,0.0,0.001,0.0,0.0,None,0.002
254,RCC_H3 flat roof,CR_LFINF_DUL_H3,29.98617,82.18882,0.0999,0.0744,0.955,0.044,0.088,0.001,0.006,0.0,0.001,0.0,0.001,None,0.003
255,RCC_H3 flat roof,CR_LFINF_DUL_H3,29.16117,82.56382,0.0993,0.0831,0.953,0.045,0.094,0.001,0.009,0.0,0.002,0.0,0.001,None,0.003
256,RCC_H3 flat roof,CR_LFINF_DUL_H3,28.63617,83.68882,0.0957,0.0796,0.956,0.043,0.092,0.001,0.008,0.0,0.002,0.0,0.001,None,0.003
257,RCC_H3 flat roof,CR_LFINF_DUL_H3,27.81117,87.58882,0.1,0.0743,0.954,0.045,0.085,0.001,0.006,0.0,0.001,0.0,0.001,None,0.003
258,RCC_H3 flat roof,CR_LFINF_DUL_H3,29.31117,83.08882,0.0966,0.0655,0.96,0.039,0.075,0.001,0.003,0.0,0.001,0.0,0.0,None,0.002
259,RCC_H3 flat roof,CR_LFINF_DUL_H3,27.58617,87.51382,0.1022,0.0777,0.952,0.046,0.093,0.001,0.007,0.0,0.001,0.0,0.001,None,0.003
260,RCC_H3 flat roof,CR_LFINF_DUL_H3,29.61117,82.93882,0.0958,0.0778,0.958,0.04,0.089,0.001,0.008,0.0,0.002,0.0,0.001,None,0.002
261,RCC_H3 flat roof,CR_LFINF_DUL_H3,28.48617,84.28882,0.0965,0.0689,0.958,0.041,0.079,0.001,0.003,0.0,0.001,0.0,0.0,None,0.002
262,RCC_H3 flat roof,CR_LFINF_DUL_H3,27.81117,87.13882,0.0992,0.073,0.955,0.044,0.086,0.001,0.005,0.0,0.001,0.0,0.0,None,0.003
263,RCC_H3 flat roof,CR_LFINF_DUL_H3,30.13617,81.58882,0.0944,0.0679,0.961,0.038,0.078,0.001,0.004,0.0,0.001,0.0,0.0,None,0.002
264,RCC_H3 flat roof,CR_LFINF_DUL_H3,30.13617,81.96382,0.0997,0.0768,0.954,0.044,0.094,0.001,0.006,0.0,0.001,0.0,0.0,None,0.003
265,RCC_H3 flat roof,CR_LFINF_DUL_H3,30.13617,81.66382,0.1023,0.0815,0.951,0.047,0.094,0.001,0.009,0.0,0.002,0.0,0.001,None,0.003
266,RCC_H3 flat roof,CR_LFINF_DUL_H3,28.33617,81.58882,0.1023,0.0815,0.951,0.047,0.094,0.001,0.009,0.0,0.002,0.0,0.001,None,0.003
267,RCC_H1 flat roof,CR_LFINF_DUL_H1,27.73617,87.21382,0.095,0.0699,0.984,0.014,0.055,0.001,0.007,0.0,0.002,0.0,0.001,None,0.001
268,RCC_H1 flat roof,CR_LFINF_DUL_H1,28.56117,81.43882,0.1025,0.0817,0.978,0.018,0.067,0.002,0.015,0.001,0.006,0.001,0.009,None,0.002
269,RCC_H1 flat roof,CR_LFINF_DUL_H1,29.23617,82.86382,0.0941,0.0677,0.986,0.013,0.048,0.001,0.007,0.0,0.002,0.0,0.002,None,0.001
270,RCC_H1 flat roof,CR_LFINF_DUL_H1,29.01117,83.38882,0.1002,0.0779,0.98,0.017,0.065,0.002,0.013,0.001,0.004,0.0,0.004,None,0.002
271,RCC_H1 flat roof,CR_LFINF_DUL_H1,28.41117,84.58882,0.0997,0.0768,0.979,0.018,0.067,0.002,0.011,0.0,0.003,0.0,0.003,None,0.002
272,RCC_H1 flat roof,CR_LFINF_DUL_H1,29.01117,80.38882,0.0974,0.0739,0.982,0.016,0.057,0.001,0.01,0.0,0.003,0.0,0.003,None,0.002
273,RCC_H1 flat roof,CR_LFINF_DUL_H1,28.11117,81.96382,0.1029,0.091,0.972,0.023,0.076,0.003,0.019,0.001,0.008,0.001,0.01,None,0.003
274,RCC_H1 flat roof,CR_LFINF_DUL_H1,28.11117,85.86382,0.0983,0.0751,0.982,0.015,0.058,0.002,0.013,0.001,0.005,0.0,0.006,None,0.002
275,RCC_H1 flat roof,CR_LFINF_DUL_H1,30.06117,81.28882,0.0991,0.0759,0.981,0.016,0.061,0.002,0.013,0.0,0.004,0.0,0.005,None,0.002
276,RCC_H1 flat roof,CR_LFINF_DUL_H1,29.61117,82.86382,0.0947,0.0651,0.988,0.011,0.042,0.001,0.008,0.0,0.003,0.0,0.003,None,0.001
277,RCC_H1 flat roof,CR_LFINF_DUL_H1,29.31117,83.98882,0.0968,0.0758,0.983,0.015,0.053,0.002,0.013,0.0,0.006,0.001,0.009,None,0.002
278,RCC_H1 flat roof,CR_LFINF_DUL_H1,29.31117,83.01382,0.1005,0.0776,0.979,0.019,0.065,0.002,0.011,0.0,0.003,0.0,0.003,None,0.002
279,RCC_H1 flat roof,CR_LFINF_DUL_H1,28.93617,83.46382,0.1018,0.0922,0.975,0.019,0.07,0.003,0.022,0.001,0.01,0.002,0.013,None,0.004
280,RCC_H1 flat roof,CR_LFINF_DUL_H1,27.96117,86.76382,0.1023,0.0803,0.978,0.019,0.069,0.002,0.014,0.001,0.005,0.001,0.005,None,0.002
281,RCC_H1 flat roof,CR_LFINF_DUL_H1,28.18617,85.71382,0.0948,0.0791,0.979,0.017,0.068,0.002,0.013,0.001,0.004,0.0,0.004,None,0.002
282,RCC_H1 flat roof,CR_LFINF_DUL_H1,28.33617,84.66382,0.0973,0.0776,0.98,0.018,0.062,0.002,0.011,0.0,0.003,0.0,0.003,None,0.002
283,RCC_H1 flat roof,CR_LFINF_DUL_H1,29.31117,82.86382,0.0973,0.0713,0.983,0.015,0.051,0.001,0.006,0.0,0.001,0.0,0.001,None,0.001
284,RCC_H1 flat roof,CR_LFINF_DUL_H1,29.16117,82.63882,0.1006,0.0752,0.981,0.016,0.059,0.002,0.011,0.0,0.004,0.0,0.004,None,0.002
285,RCC_H1 flat roof,CR_LFINF_DUL_H1,28.71117,84.13882,0.1024,0.0841,0.976,0.019,0.068,0.003,0.017,0.001,0.006,0.001,0.007,None,0.003
286,RCC_H1 flat roof,CR_LFINF_DUL_H1,28.71117,83.76382,0.0941,0.0653,0.987,0.012,0.045,0.001,0.005,0.0,0.001,0.0,0.001,None,0.001
287,RCC_H1 flat roof,CR_LFINF_DUL_H1,27.58617,87.06382,0.0955,0.0751,0.983,0.014,0.058,0.002,0.013,0.001,0.005,0.001,0.007,None,0.002
288,RCC_H1 flat roof,CR_LFINF_DUL_H1,29.38617,82.86382,0.1006,0.0863,0.976,0.02,0.068,0.002,0.016,0.001,0.007,0.001,0.012,None,0.003
289,RCC_H1 flat roof,CR_LFINF_DUL_H1,27.81117,86.83882,0.0985,0.0694,0.984,0.015,0.052,0.001,0.007,0.0,0.002,0.0,0.002,None,0.001
290,RCC_H1 flat roof,CR_LFINF_DUL_H1,28.86117,80.83882,0.0996,0.0782,0.98,0.018,0.059,0.002,0.013,0.0,0.005,0.0,0.005,None,0.002
291,RCC_H1 flat roof,CR_LFINF_DUL_H1,29.01117,83.08882,0.0957,0.0689,0.985,0.014,0.05,0.001,0.007,0.0,0.002,0.0,0.001,None,0.001
292,RCC_H1 flat roof,CR_LFINF_DUL_H1,29.08617,83.38882,0.0993,0.0731,0.983,0.014,0.054,0.002,0.013,0.0,0.004,0.0,0.005,None,0.002
293,Timber,W_WWD_LWAL_DNO_H1,28.48617,81.43882,0.1027,0.0873,0.917,0.073,0.128,0.006,0.025,0.002,0.01,0.001,0.013,None,0.007
294,Timber,W_WWD_LWAL_DNO_H1,30.36117,81.51382,0.0972,0.0674,0.932,0.063,0.111,0.004,0.015,0.001,0.004,0.0,0.003,None,0.005
295,Timber,W_WWD_LWAL_DNO_H1,29.23617,84.06382,0.1021,0.0844,0.919,0.072,0.126,0.006,0.025,0.002,0.009,0.001,0.009,None,0.007
296,Timber,W_WWD_LWAL_DNO_H1,29.16117,82.78882,0.1017,0.0853,0.919,0.072,0.126,0.006,0.025,0.002,0.009,0.001,0.012,None,0.007
297,Timber,W_WWD_LWAL_DNO_H1,28.41117,84.21382,0.1001,0.0753,0.926,0.067,0.116,0.005,0.021,0.001,0.007,0.001,0.007,None,0.006
298,Timber,W_WWD_LWAL_DNO_H1,28.86117,80.76382,0.102,0.0771,0.92,0.072,0.122,0.005,0.021,0.001,0.007,0.001,0.007,None,0.006
299,Timber,W_WWD_LWAL_DNO_H1,28.78617,83.91382,0.0926,0.0632,0.938,0.058,0.106,0.003,0.012,0.001,0.003,0.0,0.002,None,0.004
300,Timber,W_WWD_LWAL_DNO_H1,29.16117,83.31382,0.0979,0.0739,0.928,0.066,0.117,0.005,0.018,0.001,0.006,0.001,0.009,None,0.005
301,Timber,W_WWD_LWAL_DNO_H1,29.76117,81.58882,0.1005,0.0738,0.923,0.07,0.12,0.005,0.018,0.001,0.006,0.001,0.006,None,0.006
302,Timber,W_WWD_LWAL_DNO_H1,27.73617,82.71382,0.0987,0.0744,0.925,0.069,0.123,0.005,0.019,0.001,0.005,0.001,0.004,None,0.006
303,Timber,W_WWD_LWAL_DNO_H1,28.86117,80.98882,0.0958,0.0711,0.933,0.061,0.113,0.004,0.019,0.001,0.006,0.001,0.004,None,0.005
304,Timber,W_WWD_LWAL_DNO_H1,30.21117,81.96382,0.0926,0.0661,0.937,0.059,0.108,0.004,0.014,0.001,0.004,0.0,0.003,None,0.004
305,Timber,W_WWD_LWAL_DNO_H1,28.41117,85.11382,0.0994,0.0739,0.924,0.069,0.12,0.005,0.019,0.001,0.006,0.001,0.005,None,0.006
306,Timber,W_WWD_LWAL_DNO_H1,29.83617,81.36382,0.0987,0.0773,0.926,0.066,0.117,0.005,0.021,0.001,0.008,0.001,0.009,None,0.006
307,Timber,W_WWD_LWAL_DNO_H1,28.93617,83.76382,0.0983,0.0762,0.929,0.063,0.116,0.005,0.022,0.001,0.007,0.001,0.007,None,0.006
308,Timber,W_WWD_LWAL_DNO_H1,29.53617,83.01382,0.1001,0.0753,0.926,0.067,0.116,0.005,0.021,0.001,0.007,0.001,0.007,None,0.006
309,Timber,W_WWD_LWAL_DNO_H1,29.91117,81.73882,0.1003,0.0746,0.924,0.07,0.12,0.005,0.02,0.001,0.006,0.001,0.005,None,0.006
310,Timber,W_WWD_LWAL_DNO_H1,27.66117,87.43882,0.0986,0.0763,0.922,0.071,0.13,0.005,0.018,0.001,0.005,0.001,0.003,None,0.006
311,Timber,W_WWD_LWAL_DNO_H1,27.51117,88.03882,0.0965,0.0757,0.929,0.064,0.115,0.005,0.021,0.001,0.007,0.001,0.007,None,0.006
312,Timber,W_WWD_LWAL_DNO_H1,30.13617,81.73882,0.102,0.0771,0.92,0.072,0.122,0.005,0.021,0.001,0.007,0.001,0.007,None,0.006
313,Timber,W_WWD_LWAL_DNO_H1,28.93617,83.53882,0.0976,0.0742,0.927,0.066,0.118,0.005,0.019,0.001,0.006,0.001,0.004,None,0.005
314,Timber,W_WWD_LWAL_DNO_H1,27.73617,86.53882,0.102,0.0743,0.922,0.071,0.122,0.005,0.019,0.001,0.006,0.001,0.005,None,0.006
315,Timber,W_WWD_LWAL_DNO_H1,29.98617,82.33882,0.0979,0.0739,0.928,0.066,0.117,0.005,0.018,0.001,0.006,0.001,0.009,None,0.005
316,Timber,W_WWD_LWAL_DNO_H1,29.46117,81.88882,0.0987,0.0744,0.925,0.069,0.123,0.005,0.019,0.001,0.005,0.001,0.004,None,0.006
317,Timber,W_WWD_LWAL_DNO_H1,27.96117,86.61382,0.1025,0.0789,0.917,0.075,0.129,0.006,0.021,0.001,0.006,0.001,0.005,None,0.006
318,Timber,W_WWD_LWAL_DNO_H1,27.66117,86.91382,0.0967,0.0768,0.93,0.063,0.116,0.005,0.022,0.001,0.007,0.001,0.007,None,0.006
319,RCC_H2 gable roof,CR_LFINF_DUL_H2,29.46117,83.31382,0.0961,0.0682,0.943,0.056,0.096,0.001,0.004,0.0,0.001,0.0,0.0,None,0.003
320,RCC_H2 gable roof,CR_LFINF_DUL_H2,29.23617,83.31382,0.1015,0.0787,0.936,0.062,0.107,0.001,0.008,0.0,0.002,0.0,0.001,None,0.004
321,RCC_H2 gable roof,CR_LFINF_DUL_H2,29.08617,83.53882,0.0995,0.0745,0.94,0.059,0.103,0.001,0.007,0.0,0.001,0.0,0.001,None,0.003
322,RCC_H2 gable roof,CR_LFINF_DUL_H2,28.93617,80.68882,0.0979,0.0739,0.941,0.058,0.101,0.001,0.007,0.0,0.002,0.0,0.001,None,0.003
323,RCC_H2 gable roof,CR_LFINF_DUL_H2,29.01117,83.53882,0.1016,0.0783,0.936,0.063,0.11,0.001,0.007,0.0,0.001,0.0,0.001,None,0.004
324,RCC_H2 gable roof,CR_LFINF_DUL_H2,28.78617,81.13882,0.0981,0.0742,0.942,0.057,0.1,0.001,0.008,0.0,0.002,0.0,0.001,None,0.003
325,RCC_H1 flat roof,CR_LFINF_DUL_H1,28.48617,83.98882,0.1013,0.0762,0.98,0.018,0.063,0.002,0.01,0.0,0.003,0.0,0.003,None,0.002
326,RCC_H1 flat roof,CR_LFINF_DUL_H1,29.38617,83.23882,0.0987,0.0795,0.979,0.017,0.063,0.002,0.014,0.001,0.005,0.001,0.006,None,0.002
327,RCC_H1 flat roof,CR_LFINF_DUL_H1,29.08617,83.01382,0.1013,0.0868,0.973,0.022,0.079,0.003,0.016,0.001,0.005,0.001,0.005,None,0.003
328,RCC_H1 flat roof,CR_LFINF_DUL_H1,28.71117,83.31382,0.0946,0.0664,0.986,0.013,0.046,0.001,0.006,0.0,0.002,0.0,0.001,None,0.001
329,RCC_H1 flat roof,CR_LFINF_DUL_H1,27.73617,86.91382,0.0985,0.0703,0.983,0.015,0.054,0.001,0.008,0.0,0.002,0.0,0.002,None,0.001
330,RCC_H1 flat roof,CR_LFINF_DUL_H1,29.31117,83.16382,0.0959,0.0704,0.984,0.014,0.057,0.001,0.011,0.0,0.004,0.0,0.003,None,0.001
331,RCC_H1 flat roof,CR_LFINF_DUL_H1,28.93617,80.61382,0.1027,0.078,0.982,0.015,0.057,0.002,0.014,0.001,0.007,0.001,0.014,None,0.002
332,RCC_H1 flat roof,CR_LFINF_DUL_H1,29.01117,83.91382,0.0986,0.072,0.983,0.016,0.053,0.001,0.008,0.0,0.003,0.0,0.003,None,0.001
333,RCC_H1 flat roof,CR_LFINF_DUL_H1,30.28617,82.03882,0.0967,0.076,0.983,0.014,0.058,0.002,0.016,0.001,0.006,0.001,0.008,None,0.002
334,RCC_H1 flat roof,CR_LFINF_DUL_H1,29.31117,83.38882,0.0984,0.0774,0.981,0.016,0.064,0.002,0.014,0.001,0.005,0.001,0.007,None,0.002
335,RCC_H3 flat roof,CR_LFINF_DUL_H3,28.86117,80.68882,0.1007,0.0767,0.954,0.044,0.092,0.001,0.006,0.0,0.001,0.0,0.001,None,0.003
336,RCC_H3 flat roof,CR_LFINF_DUL_H3,28.71117,83.46382,0.0966,0.0736,0.958,0.04,0.082,0.001,0.007,0.0,0.002,0.0,0.001,None,0.002
337,RCC_H3 flat roof,CR_LFINF_DUL_H3,28.41117,84.13882,0.099,0.0735,0.956,0.043,0.086,0.001,0.005,0.0,0.001,0.0,0.0,None,0.002
338,RCC_H3 flat roof,CR_LFINF_DUL_H3,29.16117,83.08882,0.0958,0.0698,0.959,0.04,0.083,0.001,0.004,0.0,0.001,0.0,0.0,None,0.002
339,RCC_H3 flat roof,CR_LFINF_DUL_H3,28.78617,84.13882,0.0996,0.0808,0.956,0.043,0.086,0.001,0.01,0.0,0.003,0.0,0.002,None,0.003
340,RCC_H3 flat roof,CR_LFINF_DUL_H3,28.33617,85.11382,0.1003,0.0798,0.952,0.046,0.096,0.001,0.006,0.0,0.001,0.0,0.001,None,0.003
341,RCC_H3 flat roof,CR_LFINF_DUL_H3,29.01117,84.06382,0.0966,0.0727,0.957,0.042,0.085,0.001,0.005,0.0,0.001,0.0,0.0,None,0.002
342,RCC_H3 flat roof,CR_LFINF_DUL_H3,29.61117,83.01382,0.1008,0.0761,0.955,0.044,0.09,0.001,0.007,0.0,0.001,0.0,0.001,None,0.003
343,RCC_H3 flat roof,CR_LFINF_DUL_H3,27.73617,86.83882,0.099,0.0692,0.956,0.043,0.081,0.001,0.003,0.0,0.001,0.0,0.0,None,0.002
344,RCC_H3 flat roof,CR_LFINF_DUL_H3,28.78617,84.36382,0.097,0.0685,0.959,0.04,0.078,0.001,0.004,0.0,0.001,0.0,0.0,None,0.002
345,MR_H1 flat roof,MUR_LWAL_DNO_H1,28.56117,84.13882,0.0991,0.075,0.966,0.031,0.076,0.002,0.009,0.0,0.002,0.0,0.001,None,0.002
346,MR_H1 flat roof,MUR_LWAL_DNO_H1,29.01117,83.16382,0.0998,0.0741,0.967,0.03,0.072,0.002,0.01,0.0,0.003,0.0,0.002,None,0.002
347,MR_H1 flat roof,MUR_LWAL_DNO_H1,29.23617,83.01382,0.1024,0.0743,0.966,0.031,0.071,0.002,0.011,0.0,0.003,0.0,0.003,None,0.002
348,MR_H1 flat roof,MUR_LWAL_DNO_H1,28.86117,82.86382,0.0994,0.0737,0.967,0.031,0.075,0.002,0.009,0.0,0.002,0.0,0.001,None,0.002
349,MR_H1 flat roof,MUR_LWAL_DNO_H1,28.56117,85.03882,0.1012,0.0768,0.965,0.031,0.075,0.002,0.012,0.0,0.003,0.0,0.002,None,0.003
350,MR_H1 flat roof,MUR_LWAL_DNO_H1,28.78617,83.31382,0.0941,0.0722,0.972,0.026,0.069,0.002,0.011,0.0,0.003,0.0,0.002,None,0.002
351,MR_H1 flat roof,MUR_LWAL_DNO_H1,28.18617,81.88882,0.0993,0.0791,0.967,0.03,0.078,0.003,0.014,0.001,0.004,0.0,0.003,None,0.003
352,MR_H2 gable roof,MUR_LWAL_DNO_H2,29.31117,83.23882,0.1053,0.0861,0.923,0.068,0.111,0.006,0.023,0.001,0.007,0.001,0.006,None,0.006
353,MR_H2 gable roof,MUR_LWAL_DNO_H2,29.16117,84.13882,0.0974,0.0702,0.935,0.06,0.097,0.004,0.014,0.001,0.004,0.0,0.002,None,0.004
354,MR_H2 gable roof,MUR_LWAL_DNO_H2,28.78617,84.21382,0.0971,0.0727,0.935,0.06,0.101,0.004,0.015,0.001,0.004,0.0,0.003,None,0.005
355,MR_H2 gable roof,MUR_LWAL_DNO_H2,27.96117,86.83882,0.0971,0.0727,0.935,0.06,0.101,0.004,0.015,0.001,0.004,0.0,0.003,None,0.005
356,MR_H2 gable roof,MUR_LWAL_DNO_H2,27.73617,87.58882,0.1007,0.0779,0.929,0.065,0.104,0.005,0.018,0.001,0.005,0.001,0.005,None,0.005
357,MR_H2 gable roof,MUR_LWAL_DNO_H2,28.93617,83.31382,0.097,0.079,0.935,0.058,0.102,0.005,0.02,0.001,0.006,0.001,0.005,None,0.005
358,MR_H2 gable roof,MUR_LWAL_DNO_H2,30.06117,81.96382,0.092,0.0638,0.944,0.052,0.091,0.003,0.011,0.001,0.002,0.0,0.001,None,0.004
359,MR_H2 gable roof,MUR_LWAL_DNO_H2,29.08617,82.93882,0.096,0.0717,0.937,0.058,0.098,0.004,0.015,0.001,0.004,0.0,0.004,None,0.004
360,MR_H2 gable roof,MUR_LWAL_DNO_H2,28.78617,80.98882,0.0944,0.0675,0.941,0.055,0.092,0.003,0.013,0.001,0.004,0.0,0.003,None,0.004
361,MR_H2 gable roof,MUR_LWAL_DNO_H2,28.48617,84.73882,0.1027,0.0768,0.927,0.067,0.107,0.005,0.017,0.001,0.005,0.0,0.004,None,0.005
362,MR_H2 gable roof,MUR_LWAL_DNO_H2,27.73617,87.06382,0.1009,0.0742,0.929,0.066,0.106,0.005,0.015,0.001,0.004,0.0,0.003,None,0.005
363,MR_H2 gable roof,MUR_LWAL_DNO_H2,29.23617,83.16382,0.0956,0.0721,0.936,0.059,0.099,0.004,0.015,0.001,0.004,0.0,0.003,None,0.004
364,MR_H2 gable roof,MUR_LWAL_DNO_H2,28.41117,84.06382,0.0984,0.0703,0.934,0.061,0.101,0.004,0.014,0.001,0.003,0.0,0.002,None,0.005
365,MR_H2 gable roof,MUR_LWAL_DNO_H2,29.76117,82.63882,0.0968,0.0755,0.933,0.061,0.108,0.005,0.016,0.001,0.004,0.0,0.002,None,0.005
366,MR_H2 gable roof,MUR_LWAL_DNO_H2,29.08617,83.46382,0.0943,0.0704,0.938,0.057,0.102,0.004,0.013,0.001,0.003,0.0,0.002,None,0.004
367,MR_H2 gable roof,MUR_LWAL_DNO_H2,28.41117,83.98882,0.103,0.078,0.925,0.069,0.11,0.005,0.017,0.001,0.005,0.0,0.004,None,0.005
368,MR_H2 gable roof,MUR_LWAL_DNO_H2,28.33617,85.03882,0.0973,0.0814,0.936,0.057,0.101,0.005,0.021,0.001,0.007,0.001,0.007,None,0.005
369,MR_H2 gable roof,MUR_LWAL_DNO_H2,27.66117,87.06382,0.1016,0.079,0.929,0.064,0.108,0.005,0.019,0.001,0.005,0.001,0.004,None,0.005
370,MR_H2 gable roof,MUR_LWAL_DNO_H2,30.06117,81.88882,0.1,0.0849,0.931,0.062,0.108,0.005,0.022,0.001,0.007,0.001,0.008,None,0.006
371,MR_H2 gable roof,MUR_LWAL_DNO_H2,29.31117,83.91382,0.0998,0.0773,0.932,0.062,0.1,0.004,0.018,0.001,0.006,0.001,0.007,None,0.005
372,MR_H2 gable roof,MUR_LWAL_DNO_H2,29.01117,83.23882,0.1019,0.0837,0.928,0.065,0.108,0.005,0.021,0.001,0.007,0.001,0.006,None,0.006
373,RCC_H4 gaqble roof,CR_LFINF_DUL_H4,28.78617,83.98882,0.0969,0.0751,0.854,0.139,0.19,0.006,0.025,0.001,0.006,0.0,0.003,None,0.009
374,RCC_H4 gaqble roof,CR_LFINF_DUL_H4,30.13617,82.11382,0.0966,0.0674,0.853,0.141,0.186,0.004,0.018,0.001,0.003,0.0,0.001,None,0.008
375,RCC_H4 gaqble roof,CR_LFINF_DUL_H4,28.93617,83.68882,0.1058,0.0786,0.827,0.165,0.21,0.007,0.025,0.001,0.005,0.0,0.002,None,0.01
376,RCC_H4 gaqble roof,CR_LFINF_DUL_H4,28.86117,83.91382,0.0984,0.0703,0.849,0.145,0.191,0.005,0.019,0.001,0.003,0.0,0.001,None,0.009
377,RCC_H4 gaqble roof,CR_LFINF_DUL_H4,28.71117,83.91382,0.1005,0.0754,0.842,0.151,0.196,0.006,0.022,0.001,0.007,0.0,0.005,None,0.009
378,RCC_H4 gaqble roof,CR_LFINF_DUL_H4,28.48617,83.91382,0.0959,0.0723,0.851,0.143,0.198,0.005,0.019,0.001,0.003,0.0,0.001,None,0.009
379,RCC_H4 gaqble roof,CR_LFINF_DUL_H4,29.83617,81.13882,0.1024,0.0828,0.841,0.15,0.197,0.007,0.03,0.001,0.008,0.001,0.005,None,0.01
380,RCC_H4 gaqble roof,CR_LFINF_DUL_H4,29.23617,83.08882,0.1016,0.0815,0.844,0.147,0.197,0.007,0.029,0.001,0.007,0.0,0.003,None,0.01
381,RCC_H4 gaqble roof,CR_LFINF_DUL_H4,28.86117,82.93882,0.0935,0.0655,0.865,0.13,0.179,0.004,0.017,0.0,0.003,0.0,0.001,None,0.008
382,RCC_H4 gaqble roof,CR_LFINF_DUL_H4,29.16117,84.06382,0.1031,0.0777,0.838,0.154,0.202,0.007,0.026,0.001,0.005,0.0,0.002,None,0.01
383,RCC_H4 gaqble roof,CR_LFINF_DUL_H4,28.93617,83.23882,0.0921,0.0607,0.868,0.128,0.169,0.003,0.015,0.0,0.003,0.0,0.001,None,0.007
384,RCC_H4 gaqble roof,CR_LFINF_DUL_H4,27.43617,84.58882,0.096,0.0716,0.854,0.14,0.189,0.005,0.021,0.001,0.004,0.0,0.002,None,0.009
385,RCC_H4 gaqble roof,CR_LFINF_DUL_H4,27.66117,87.13882,0.1036,0.0865,0.841,0.15,0.191,0.007,0.032,0.001,0.011,0.001,0.009,None,0.01
386,RCC_H4 gaqble roof,CR_LFINF_DUL_H4,30.28617,81.81382,0.0981,0.0738,0.85,0.143,0.196,0.006,0.022,0.001,0.004,0.0,0.001,None,0.009
387,RCC_H4 gaqble roof,CR_LFINF_DUL_H4,29.08617,82.78882,0.0961,0.072,0.854,0.14,0.191,0.005,0.021,0.001,0.004,0.0,0.002,None,0.009
388,RCC_H4 gaqble roof,CR_LFINF_DUL_H4,27.73617,82.63882,0.0958,0.0725,0.856,0.137,0.188,0.005,0.022,0.001,0.004,0.0,0.002,None,0.009
389,RCC_H4 gaqble roof,CR_LFINF_DUL_H4,29.16117,82.71382,0.1003,0.075,0.842,0.152,0.198,0.006,0.023,0.001,0.005,0.0,0.002,None,0.009
390,RCC_H4 gaqble roof,CR_LFINF_DUL_H4,28.48617,84.51382,0.0981,0.0771,0.85,0.142,0.191,0.006,0.027,0.001,0.007,0.0,0.004,None,0.009
391,RCC_H4 gaqble roof,CR_LFINF_DUL_H4,29.16117,83.01382,0.099,0.0714,0.845,0.149,0.197,0.005,0.019,0.001,0.003,0.0,0.001,None,0.009
392,RCC_H4 gaqble roof,CR_LFINF_DUL_H4,28.56117,81.36382,0.0973,0.0791,0.857,0.136,0.188,0.006,0.028,0.001,0.008,0.0,0.005,None,0.009
393,RCC_H4 gaqble roof,CR_LFINF_DUL_H4,29.23617,83.23882,0.1016,0.0793,0.843,0.149,0.196,0.007,0.028,0.001,0.006,0.0,0.003,None,0.01
394,RCC_H4 gaqble roof,CR_LFINF_DUL_H4,29.23617,84.13882,0.0941,0.0714,0.86,0.134,0.187,0.005,0.021,0.001,0.004,0.0,0.002,None,0.008
395,RCC_H4 gaqble roof,CR_LFINF_DUL_H4,30.21117,82.03882,0.1033,0.0818,0.836,0.155,0.2,0.007,0.029,0.001,0.007,0.0,0.004,None,0.01
396,RCC_H4 gaqble roof,CR_LFINF_DUL_H4,29.01117,83.01382,0.0962,0.0649,0.853,0.142,0.19,0.004,0.013,0.0,0.002,0.0,0.001,None,0.008
397,RCC_H3 flat roof,CR_LFINF_DUL_H3,29.31117,82.63882,0.099,0.0714,0.955,0.044,0.083,0.001,0.004,0.0,0.001,0.0,0.0,None,0.002
398,RCC_H3 flat roof,CR_LFINF_DUL_H3,29.08617,83.98882,0.1026,0.0832,0.948,0.05,0.097,0.001,0.008,0.0,0.002,0.0,0.001,None,0.003
399,RCC_H3 flat roof,CR_LFINF_DUL_H3,27.58617,88.03882,0.1002,0.0804,0.953,0.045,0.093,0.001,0.008,0.0,0.002,0.0,0.001,None,0.003
400,RCC_H3 flat roof,CR_LFINF_DUL_H3,30.28617,81.96382,0.1003,0.0785,0.954,0.044,0.093,0.001,0.008,0.0,0.002,0.0,0.001,None,0.003
401,RCC_H3 flat roof,CR_LFINF_DUL_H3,29.23617,82.78882,0.0962,0.0742,0.96,0.039,0.083,0.001,0.008,0.0,0.002,0.0,0.001,None,0.002
402,RCC_H3 flat roof,CR_LFINF_DUL_H3,29.01117,83.31382,0.1035,0.0755,0.952,0.047,0.09,0.001,0.006,0.0,0.001,0.0,0.001,None,0.003
403,RCC_H3 flat roof,CR_LFINF_DUL_H3,28.41117,84.96382,0.0998,0.0817,0.951,0.048,0.098,0.001,0.006,0.0,0.001,0.0,0.001,None,0.003
404,RCC_H3 flat roof,CR_LFINF_DUL_H3,29.31117,82.78882,0.0973,0.0791,0.957,0.042,0.091,0.001,0.008,0.0,0.002,0.0,0.001,None,0.003
405,RCC_H3 flat roof,CR_LFINF_DUL_H3,29.01117,83.46382,0.101,0.0769,0.952,0.047,0.092,0.001,0.005,0.0,0.001,0.0,0.0,None,0.003
406,RCC_H3 flat roof,CR_LFINF_DUL_H3,29.98617,81.51382,0.0933,0.0699,0.962,0.037,0.081,0.001,0.005,0.0,0.001,0.0,0.0,None,0.002
407,RCC_H3 flat roof,CR_LFINF_DUL_H3,29.53617,83.16382,0.0973,0.0791,0.955,0.043,0.09,0.001,0.008,0.0,0.002,0.0,0.001,None,0.003
408,RCC_H3 flat roof,CR_LFINF_DUL_H3,28.93617,83.61382,0.1012,0.0837,0.951,0.047,0.097,0.002,0.009,0.0,0.002,0.0,0.001,None,0.003
409,RCC_H3 flat roof,CR_LFINF_DUL_H3,27.73617,87.13882,0.1004,0.0814,0.953,0.045,0.092,0.001,0.009,0.0,0.002,0.0,0.001,None,0.003
410,RCC_H3 flat roof,CR_LFINF_DUL_H3,30.06117,81.43882,0.0957,0.0687,0.959,0.04,0.079,0.001,0.003,0.0,0.0,0.0,0.0,None,0.002
411,RCC_H3 flat roof,CR_LFINF_DUL_H3,28.41117,83.91382,0.1005,0.0832,0.952,0.046,0.098,0.002,0.009,0.0,0.002,0.0,0.001,None,0.003
412,RCC_H3 flat roof,CR_LFINF_DUL_H3,30.28617,81.51382,0.1,0.0681,0.956,0.043,0.079,0.001,0.003,0.0,0.0,0.0,0.0,None,0.002
413,RCC_H3 flat roof,CR_LFINF_DUL_H3,29.98617,82.18882,0.0945,0.0756,0.961,0.038,0.085,0.001,0.008,0.0,0.002,0.0,0.001,None,0.002
414,RCC_H3 flat roof,CR_LFINF_DUL_H3,29.16117,82.56382,0.0989,0.0764,0.957,0.042,0.09,0.001,0.007,0.0,0.001,0.0,0.001,None,0.003
415,RCC_H3 flat roof,CR_LFINF_DUL_H3,28.63617,83.68882,0.0974,0.077,0.957,0.042,0.09,0.001,0.007,0.0,0.001,0.0,0.001,None,0.003
416,RCC_H3 flat roof,CR_LFINF_DUL_H3,27.81117,87.58882,0.0976,0.0743,0.957,0.042,0.086,0.001,0.006,0.0,0.001,0.0,0.001,None,0.002
417,RCC_H3 flat roof,CR_LFINF_DUL_H3,29.31117,83.08882,0.1038,0.0838,0.949,0.049,0.099,0.002,0.008,0.0,0.002,0.0,0.001,None,0.003
418,RCC_H3 flat roof,CR_LFINF_DUL_H3,27.58617,87.51382,0.1037,0.0799,0.949,0.05,0.099,0.001,0.006,0.0,0.001,0.0,0.0,None,0.003
419,RCC_H3 flat roof,CR_LFINF_DUL_H3,29.61117,82.93882,0.0927,0.0655,0.963,0.036,0.074,0.001,0.003,0.0,0.0,0.0,0.0,None,0.002
420,RCC_H3 flat roof,CR_LFINF_DUL_H3,28.48617,84.28882,0.1009,0.0873,0.951,0.047,0.101,0.002,0.01,0.0,0.002,0.0,0.001,None,0.003
421,RCC_H3 flat roof,CR_LFINF_DUL_H3,27.81117,87.13882,0.0931,0.0731,0.962,0.037,0.083,0.001,0.007,0.0,0.002,0.0,0.001,None,0.002
422,RCC_H3 flat roof,CR_LFINF_DUL_H3,30.13617,81.58882,0.0908,0.0626,0.966,0.033,0.067,0.001,0.004,0.0,0.001,0.0,0.0,None,0.002
423,RCC_H3 flat roof,CR_LFINF_DUL_H3,30.13617,81.96382,0.0941,0.0702,0.961,0.038,0.081,0.001,0.005,0.0,0.001,0.0,0.0,None,0.002
424,RCC_H3 flat roof,CR_LFINF_DUL_H3,30.13617,81.66382,0.1002,0.0797,0.954,0.044,0.093,0.001,0.008,0.0,0.002,0.0,0.001,None,0.003
425,RCC_H3 flat roof,CR_LFINF_DUL_H3,28.33617,81.58882,0.1012,0.0779,0.954,0.045,0.093,0.001,0.007,0.0,0.001,0.0,0.001,None,0.003
426,RCC_H1 flat roof,CR_LFINF_DUL_H1,27.73617,87.21382,0.0911,0.0647,0.987,0.012,0.045,0.001,0.004,0.0,0.001,0.0,0.001,None,0.001
427,RCC_H1 flat roof,CR_LFINF_DUL_H1,28.56117,81.43882,0.0944,0.07,0.984,0.014,0.056,0.001,0.009,0.0,0.003,0.0,0.002,None,0.001
428,RCC_H1 flat roof,CR_LFINF_DUL_H1,29.23617,82.86382,0.0937,0.0688,0.984,0.014,0.054,0.001,0.007,0.0,0.002,0.0,0.001,None,0.001
429,RCC_H1 flat roof,CR_LFINF_DUL_H1,29.01117,83.38882,0.0928,0.0736,0.982,0.015,0.06,0.002,0.011,0.0,0.004,0.0,0.004,None,0.002
430,RCC_H1 flat roof,CR_LFINF_DUL_H1,28.41117,84.58882,0.0984,0.0741,0.982,0.016,0.055,0.001,0.009,0.0,0.003,0.0,0.004,None,0.002
431,RCC_H1 flat roof,CR_LFINF_DUL_H1,29.01117,80.38882,0.0984,0.0741,0.982,0.016,0.055,0.001,0.009,0.0,0.003,0.0,0.004,None,0.002
432,RCC_H1 flat roof,CR_LFINF_DUL_H1,28.11117,81.96382,0.0948,0.0671,0.986,0.013,0.048,0.001,0.006,0.0,0.001,0.0,0.001,None,0.001
433,RCC_H1 flat roof,CR_LFINF_DUL_H1,28.11117,85.86382,0.0995,0.0839,0.978,0.018,0.068,0.003,0.018,0.001,0.007,0.001,0.01,None,0.003
434,RCC_H1 flat roof,CR_LFINF_DUL_H1,30.06117,81.28882,0.0989,0.072,0.983,0.015,0.054,0.001,0.01,0.0,0.003,0.0,0.004,None,0.001
435,RCC_H1 flat roof,CR_LFINF_DUL_H1,29.61117,82.86382,0.0982,0.0758,0.982,0.016,0.057,0.002,0.013,0.0,0.005,0.0,0.005,None,0.002
436,RCC_H1 flat roof,CR_LFINF_DUL_H1,29.31117,83.98882,0.1002,0.0801,0.977,0.02,0.07,0.002,0.011,0.001,0.003,0.0,0.003,None,0.002
437,RCC_H1 flat roof,CR_LFINF_DUL_H1,29.31117,83.01382,0.1016,0.0785,0.979,0.018,0.059,0.002,0.011,0.0,0.005,0.0,0.007,None,0.002
438,RCC_H1 flat roof,CR_LFINF_DUL_H1,28.93617,83.46382,0.1016,0.0785,0.979,0.018,0.059,0.002,0.011,0.0,0.005,0.0,0.007,None,0.002
439,RCC_H1 flat roof,CR_LFINF_DUL_H1,27.96117,86.76382,0.0964,0.0652,0.987,0.012,0.047,0.001,0.007,0.0,0.002,0.0,0.002,None,0.001
440,RCC_H1 flat roof,CR_LFINF_DUL_H1,28.18617,85.71382,0.1015,0.0738,0.984,0.014,0.045,0.001,0.011,0.0,0.006,0.001,0.01,None,0.002
441,RCC_H1 flat roof,CR_LFINF_DUL_H1,28.33617,84.66382,0.0958,0.0737,0.981,0.016,0.061,0.002,0.01,0.0,0.003,0.0,0.003,None,0.002
442,RCC_H1 flat roof,CR_LFINF_DUL_H1,29.31117,82.86382,0.0954,0.0634,0.988,0.011,0.037,0.001,0.003,0.0,0.001,0.0,0.0,None,0.001
443,RCC_H1 flat roof,CR_LFINF_DUL_H1,29.16117,82.63882,0.0989,0.072,0.983,0.015,0.054,0.001,0.01,0.0,0.003,0.0,0.004,None,0.001
444,RCC_H1 flat roof,CR_LFINF_DUL_H1,28.71117,84.13882,0.0987,0.078,0.98,0.018,0.061,0.002,0.012,0.0,0.004,0.0,0.005,None,0.002
445,RCC_H1 flat roof,CR_LFINF_DUL_H1,28.71117,83.76382,0.0928,0.0724,0.985,0.013,0.052,0.001,0.013,0.0,0.005,0.0,0.006,None,0.002
446,RCC_H1 flat roof,CR_LFINF_DUL_H1,27.58617,87.06382,0.101,0.0808,0.979,0.018,0.067,0.002,0.016,0.001,0.006,0.001,0.006,None,0.002
447,RCC_H1 flat roof,CR_LFINF_DUL_H1,29.38617,82.86382,0.1033,0.0879,0.974,0.021,0.073,0.003,0.018,0.001,0.007,0.001,0.008,None,0.003
448,RCC_H1 flat roof,CR_LFINF_DUL_H1,27.81117,86.83882,0.1044,0.0797,0.977,0.02,0.067,0.002,0.013,0.001,0.004,0.0,0.004,None,0.002
449,RCC_H1 flat roof,CR_LFINF_DUL_H1,28.86117,80.83882,0.0919,0.066,0.988,0.011,0.046,0.001,0.01,0.0,0.003,0.0,0.003,None,0.001
450,RCC_H1 flat roof,CR_LFINF_DUL_H1,29.01117,83.08882,0.0996,0.0785,0.979,0.019,0.063,0.002,0.011,0.0,0.004,0.0,0.004,None,0.002
451,RCC_H1 flat roof,CR_LFINF_DUL_H1,29.08617,83.38882,0.0974,0.0767,0.979,0.018,0.067,0.002,0.011,0.0,0.003,0.0,0.002,None,0.002
452,Timber,W_WWD_LWAL_DNO_H1,28.48617,81.43882,0.0967,0.0772,0.931,0.062,0.118,0.005,0.022,0.001,0.008,0.001,0.008,None,0.006
453,Timber,W_WWD_LWAL_DNO_H1,30.36117,81.51382,0.0958,0.0737,0.93,0.063,0.121,0.005,0.019,0.001,0.005,0.001,0.004,None,0.005
454,Timber,W_WWD_LWAL_DNO_H1,29.23617,84.06382,0.0989,0.072,0.926,0.067,0.117,0.005,0.018,0.001,0.005,0.001,0.005,None,0.005
455,Timber,W_WWD_LWAL_DNO_H1,29.16117,82.78882,0.0964,0.0685,0.933,0.062,0.11,0.004,0.017,0.001,0.005,0.001,0.004,None,0.005
456,Timber,W_WWD_LWAL_DNO_H1,28.41117,84.21382,0.1008,0.0764,0.922,0.071,0.119,0.005,0.019,0.001,0.007,0.001,0.008,None,0.006
457,Timber,W_WWD_LWAL_DNO_H1,28.86117,80.76382,0.0997,0.0711,0.924,0.07,0.121,0.005,0.016,0.001,0.004,0.0,0.003,None,0.005
458,Timber,W_WWD_LWAL_DNO_H1,28.78617,83.91382,0.0951,0.0704,0.931,0.064,0.117,0.004,0.016,0.001,0.004,0.0,0.003,None,0.005
459,Timber,W_WWD_LWAL_DNO_H1,29.16117,83.31382,0.1007,0.0807,0.924,0.068,0.121,0.006,0.024,0.001,0.009,0.001,0.009,None,0.006
460,Timber,W_WWD_LWAL_DNO_H1,29.76117,81.58882,0.0949,0.075,0.934,0.06,0.116,0.005,0.021,0.001,0.007,0.001,0.007,None,0.005
461,Timber,W_WWD_LWAL_DNO_H1,27.73617,82.71382,0.1019,0.0822,0.92,0.072,0.126,0.006,0.024,0.001,0.008,0.001,0.008,None,0.007
462,Timber,W_WWD_LWAL_DNO_H1,28.86117,80.98882,0.1031,0.0835,0.912,0.078,0.139,0.007,0.023,0.002,0.007,0.001,0.005,None,0.007
463,Timber,W_WWD_LWAL_DNO_H1,30.21117,81.96382,0.0965,0.079,0.93,0.063,0.115,0.005,0.021,0.001,0.009,0.001,0.012,None,0.006
464,Timber,W_WWD_LWAL_DNO_H1,28.41117,85.11382,0.0996,0.0785,0.921,0.072,0.127,0.006,0.021,0.001,0.006,0.001,0.006,None,0.006
465,Timber,W_WWD_LWAL_DNO_H1,29.83617,81.36382,0.0992,0.0766,0.925,0.067,0.124,0.005,0.021,0.001,0.007,0.001,0.006,None,0.006
466,Timber,W_WWD_LWAL_DNO_H1,28.93617,83.76382,0.0993,0.0764,0.924,0.069,0.122,0.005,0.02,0.001,0.007,0.001,0.007,None,0.006
467,Timber,W_WWD_LWAL_DNO_H1,29.53617,83.01382,0.0955,0.0721,0.933,0.062,0.114,0.004,0.018,0.001,0.006,0.001,0.008,None,0.005
468,Timber,W_WWD_LWAL_DNO_H1,29.91117,81.73882,0.1014,0.0808,0.919,0.073,0.13,0.006,0.023,0.001,0.007,0.001,0.006,None,0.006
469,Timber,W_WWD_LWAL_DNO_H1,27.66117,87.43882,0.0972,0.0752,0.926,0.068,0.121,0.005,0.019,0.001,0.006,0.001,0.006,None,0.006
470,Timber,W_WWD_LWAL_DNO_H1,27.51117,88.03882,0.0998,0.0823,0.925,0.066,0.123,0.006,0.025,0.002,0.009,0.001,0.009,None,0.007
471,Timber,W_WWD_LWAL_DNO_H1,30.13617,81.73882,0.0955,0.0721,0.933,0.062,0.114,0.004,0.018,0.001,0.006,0.001,0.008,None,0.005
472,Timber,W_WWD_LWAL_DNO_H1,28.93617,83.53882,0.1012,0.0786,0.918,0.074,0.129,0.006,0.02,0.001,0.006,0.001,0.006,None,0.006
473,Timber,W_WWD_LWAL_DNO_H1,27.73617,86.53882,0.0973,0.0746,0.926,0.067,0.118,0.005,0.018,0.001,0.006,0.001,0.007,None,0.005
474,Timber,W_WWD_LWAL_DNO_H1,29.98617,82.33882,0.0981,0.0742,0.924,0.07,0.123,0.005,0.018,0.001,0.005,0.001,0.003,None,0.006
475,Timber,W_WWD_LWAL_DNO_H1,29.46117,81.88882,0.1025,0.083,0.919,0.072,0.127,0.006,0.025,0.002,0.008,0.001,0.008,None,0.007
476,Timber,W_WWD_LWAL_DNO_H1,27.96117,86.61382,0.0963,0.0714,0.93,0.064,0.115,0.004,0.017,0.001,0.005,0.001,0.004,None,0.005
477,Timber,W_WWD_LWAL_DNO_H1,27.66117,86.91382,0.1007,0.0816,0.921,0.071,0.127,0.006,0.023,0.001,0.008,0.001,0.008,None,0.007
478,RCC_H2 gable roof,CR_LFINF_DUL_H2,29.46117,83.31382,0.098,0.0733,0.939,0.06,0.108,0.001,0.004,0.0,0.001,0.0,0.0,None,0.003
479,RCC_H2 gable roof,CR_LFINF_DUL_H2,29.23617,83.31382,0.0957,0.0719,0.944,0.054,0.101,0.001,0.006,0.0,0.001,0.0,0.0,None,0.003
480,RCC_H2 gable roof,CR_LFINF_DUL_H2,29.08617,83.53882,0.0951,0.0697,0.944,0.055,0.094,0.001,0.006,0.0,0.001,0.0,0.001,None,0.003
481,RCC_H2 gable roof,CR_LFINF_DUL_H2,28.93617,80.68882,0.0974,0.0745,0.941,0.058,0.104,0.001,0.006,0.0,0.001,0.0,0.0,None,0.003
482,RCC_H2 gable roof,CR_LFINF_DUL_H2,29.01117,83.53882,0.0956,0.0719,0.945,0.053,0.098,0.001,0.007,0.0,0.001,0.0,0.001,None,0.003
483,RCC_H2 gable roof,CR_LFINF_DUL_H2,28.78617,81.13882,0.0997,0.0812,0.938,0.06,0.112,0.002,0.009,0.0,0.002,0.0,0.001,None,0.004
484,RCC_H1 flat roof,CR_LFINF_DUL_H1,28.48617,83.98882,0.0969,0.0772,0.982,0.015,0.056,0.002,0.013,0.001,0.006,0.001,0.01,None,0.002
485,RCC_H1 flat roof,CR_LFINF_DUL_H1,29.38617,83.23882,0.0976,0.0668,0.986,0.013,0.043,0.001,0.005,0.0,0.001,0.0,0.001,None,0.001
486,RCC_H1 flat roof,CR_LFINF_DUL_H1,29.08617,83.01382,0.0926,0.0661,0.986,0.012,0.047,0.001,0.006,0.0,0.002,0.0,0.001,None,0.001
487,RCC_H1 flat roof,CR_LFINF_DUL_H1,28.71117,83.31382,0.0967,0.0767,0.98,0.017,0.064,0.002,0.011,0.0,0.003,0.0,0.003,None,0.002
488,RCC_H1 flat roof,CR_LFINF_DUL_H1,27.73617,86.91382,0.0968,0.0668,0.985,0.014,0.049,0.001,0.005,0.0,0.001,0.0,0.001,None,0.001
489,RCC_H1 flat roof,CR_LFINF_DUL_H1,29.31117,83.16382,0.0997,0.08,0.978,0.019,0.064,0.002,0.013,0.001,0.005,0.001,0.007,None,0.002
490,RCC_H1 flat roof,CR_LFINF_DUL_H1,28.93617,80.61382,0.0994,0.0774,0.981,0.016,0.056,0.002,0.013,0.001,0.006,0.001,0.012,None,0.002
491,RCC_H1 flat roof,CR_LFINF_DUL_H1,29.01117,83.91382,0.0994,0.0744,0.981,0.016,0.058,0.002,0.011,0.0,0.004,0.0,0.004,None,0.002
492,RCC_H1 flat roof,CR_LFINF_DUL_H1,30.28617,82.03882,0.0982,0.0795,0.978,0.018,0.069,0.002,0.014,0.001,0.004,0.0,0.004,None,0.002
493,RCC_H1 flat roof,CR_LFINF_DUL_H1,29.31117,83.38882,0.0935,0.0698,0.985,0.013,0.049,0.001,0.01,0.0,0.003,0.0,0.003,None,0.001
494,RCC_H3 flat roof,CR_LFINF_DUL_H3,28.86117,80.68882,0.0983,0.0734,0.957,0.042,0.089,0.001,0.005,0.0,0.001,0.0,0.0,None,0.002
495,RCC_H3 flat roof,CR_LFINF_DUL_H3,28.71117,83.46382,0.0994,0.076,0.954,0.044,0.093,0.001,0.005,0.0,0.001,0.0,0.0,None,0.003
496,RCC_H3 flat roof,CR_LFINF_DUL_H3,28.41117,84.13882,0.099,0.0749,0.955,0.044,0.088,0.001,0.005,0.0,0.001,0.0,0.0,None,0.003
497,RCC_H3 flat roof,CR_LFINF_DUL_H3,29.16117,83.08882,0.1021,0.082,0.952,0.046,0.096,0.002,0.009,0.0,0.002,0.0,0.001,None,0.003
498,RCC_H3 flat roof,CR_LFINF_DUL_H3,28.78617,84.13882,0.0964,0.0818,0.956,0.042,0.096,0.002,0.008,0.0,0.002,0.0,0.001,None,0.003
499,RCC_H3 flat roof,CR_LFINF_DUL_H3,28.33617,85.11382,0.0979,0.0761,0.957,0.042,0.083,0.001,0.008,0.0,0.002,0.0,0.001,None,0.003
500,RCC_H3 flat roof,CR_LFINF_DUL_H3,29.01117,84.06382,0.0966,0.0722,0.958,0.04,0.083,0.001,0.006,0.0,0.001,0.0,0.001,None,0.002
501,RCC_H3 flat roof,CR_LFINF_DUL_H3,29.61117,83.01382,0.0942,0.0712,0.96,0.039,0.082,0.001,0.005,0.0,0.001,0.0,0.0,None,0.002
502,RCC_H3 flat roof,CR_LFINF_DUL_H3,27.73617,86.83882,0.097,0.0715,0.957,0.042,0.081,0.001,0.005,0.0,0.001,0.0,0.0,None,0.002
503,RCC_H3 flat roof,CR_LFINF_DUL_H3,28.78617,84.36382,0.0966,0.0717,0.958,0.041,0.082,0.001,0.005,0.0,0.001,0.0,0.0,None,0.002
504,MR_H1 flat roof,MUR_LWAL_DNO_H1,28.56117,84.13882,0.0967,0.079,0.968,0.028,0.075,0.003,0.015,0.001,0.004,0.0,0.003,None,0.003
505,MR_H1 flat roof,MUR_LWAL_DNO_H1,29.01117,83.16382,0.0938,0.0665,0.973,0.025,0.06,0.001,0.007,0.0,0.002,0.0,0.001,None,0.002
506,MR_H1 flat roof,MUR_LWAL_DNO_H1,29.23617,83.01382,0.0933,0.0767,0.969,0.028,0.078,0.002,0.011,0.0,0.003,0.0,0.002,None,0.002
507,MR_H1 flat roof,MUR_LWAL_DNO_H1,28.86117,82.86382,0.0948,0.069,0.972,0.026,0.062,0.002,0.009,0.0,0.003,0.0,0.002,None,0.002
508,MR_H1 flat roof,MUR_LWAL_DNO_H1,28.56117,85.03882,0.1042,0.0779,0.962,0.034,0.079,0.003,0.011,0.0,0.003,0.0,0.002,None,0.003
509,MR_H1 flat roof,MUR_LWAL_DNO_H1,28.78617,83.31382,0.0993,0.0826,0.966,0.03,0.075,0.003,0.015,0.001,0.006,0.001,0.007,None,0.003
510,MR_H1 flat roof,MUR_LWAL_DNO_H1,28.18617,81.88882,0.0919,0.0684,0.974,0.024,0.063,0.002,0.009,0.0,0.002,0.0,0.002,None,0.002
511,MR_H2 gable roof,MUR_LWAL_DNO_H2,29.31117,83.23882,0.1013,0.0741,0.929,0.065,0.107,0.005,0.015,0.001,0.004,0.0,0.003,None,0.005
512,MR_H2 gable roof,MUR_LWAL_DNO_H2,29.16117,84.13882,0.0967,0.0769,0.935,0.059,0.105,0.005,0.018,0.001,0.005,0.001,0.003,None,0.005
513,MR_H2 gable roof,MUR_LWAL_DNO_H2,28.78617,84.21382,0.0999,0.0771,0.928,0.065,0.111,0.005,0.016,0.001,0.004,0.0,0.002,None,0.005
514,MR_H2 gable roof,MUR_LWAL_DNO_H2,27.96117,86.83882,0.0997,0.0869,0.927,0.065,0.116,0.006,0.022,0.001,0.006,0.001,0.005,None,0.006
515,MR_H2 gable roof,MUR_LWAL_DNO_H2,27.73617,87.58882,0.0984,0.0704,0.931,0.064,0.102,0.004,0.012,0.001,0.002,0.0,0.001,None,0.005
516,MR_H2 gable roof,MUR_LWAL_DNO_H2,28.93617,83.31382,0.0987,0.0788,0.932,0.061,0.107,0.005,0.019,0.001,0.006,0.001,0.005,None,0.005
517,MR_H2 gable roof,MUR_LWAL_DNO_H2,30.06117,81.96382,0.0986,0.075,0.932,0.062,0.107,0.005,0.016,0.001,0.004,0.0,0.002,None,0.005
518,MR_H2 gable roof,MUR_LWAL_DNO_H2,29.08617,82.93882,0.0951,0.0699,0.938,0.057,0.095,0.004,0.014,0.001,0.004,0.0,0.003,None,0.004
519,MR_H2 gable roof,MUR_LWAL_DNO_H2,28.78617,80.98882,0.0928,0.0644,0.943,0.053,0.089,0.003,0.012,0.001,0.003,0.0,0.002,None,0.004
520,MR_H2 gable roof,MUR_LWAL_DNO_H2,28.48617,84.73882,0.0965,0.076,0.936,0.058,0.102,0.004,0.018,0.001,0.005,0.001,0.004,None,0.005
521,MR_H2 gable roof,MUR_LWAL_DNO_H2,27.73617,87.06382,0.0966,0.0681,0.937,0.059,0.097,0.004,0.013,0.001,0.003,0.0,0.002,None,0.004
522,MR_H2 gable roof,MUR_LWAL_DNO_H2,29.23617,83.16382,0.0958,0.0836,0.936,0.057,0.103,0.005,0.021,0.001,0.008,0.001,0.008,None,0.005
523,MR_H2 gable roof,MUR_LWAL_DNO_H2,28.41117,84.06382,0.0976,0.0698,0.933,0.062,0.101,0.004,0.012,0.001,0.003,0.0,0.001,None,0.004
524,MR_H2 gable roof,MUR_LWAL_DNO_H2,29.76117,82.63882,0.0997,0.0869,0.927,0.065,0.116,0.006,0.022,0.001,0.006,0.001,0.005,None,0.006
525,MR_H2 gable roof,MUR_LWAL_DNO_H2,29.08617,83.46382,0.0986,0.075,0.932,0.062,0.107,0.005,0.016,0.001,0.004,0.0,0.002,None,0.005
526,MR_H2 gable roof,MUR_LWAL_DNO_H2,28.41117,83.98882,0.0928,0.0644,0.943,0.053,0.089,0.003,0.012,0.001,0.003,0.0,0.002,None,0.004
527,MR_H2 gable roof,MUR_LWAL_DNO_H2,28.33617,85.03882,0.0965,0.076,0.936,0.058,0.102,0.004,0.018,0.001,0.005,0.001,0.004,None,0.005
528,MR_H2 gable roof,MUR_LWAL_DNO_H2,27.66117,87.06382,0.0965,0.076,0.936,0.058,0.102,0.004,0.018,0.001,0.005,0.001,0.004,None,0.005
529,MR_H2 gable roof,MUR_LWAL_DNO_H2,30.06117,81.88882,0.0966,0.0681,0.937,0.059,0.097,0.004,0.013,0.001,0.003,0.0,0.002,None,0.004
530,MR_H2 gable roof,MUR_LWAL_DNO_H2,29.31117,83.91382,0.0964,0.0712,0.935,0.059,0.102,0.004,0.014,0.001,0.003,0.0,0.002,None,0.004
531,MR_H2 gable roof,MUR_LWAL_DNO_H2,29.01117,83.23882,0.0974,0.0695,0.936,0.059,0.1,0.004,0.014,0.001,0.003,0.0,0.002,None,0.004
532,RCC_H4 gaqble roof,CR_LFINF_DUL_H4,28.78617,83.98882,0.0976,0.0734,0.849,0.144,0.2,0.006,0.019,0.001,0.003,0.0,0.001,None,0.009
533,RCC_H4 gaqble roof,CR_LFINF_DUL_H4,30.13617,82.11382,0.0992,0.0769,0.848,0.145,0.19,0.006,0.024,0.001,0.008,0.0,0.006,None,0.009
534,RCC_H4 gaqble roof,CR_LFINF_DUL_H4,28.93617,83.68882,0.0924,0.0708,0.864,0.13,0.188,0.005,0.02,0.001,0.004,0.0,0.001,None,0.008
535,RCC_H4 gaqble roof,CR_LFINF_DUL_H4,28.86117,83.91382,0.0974,0.0724,0.852,0.142,0.193,0.005,0.021,0.001,0.004,0.0,0.002,None,0.009
536,RCC_H4 gaqble roof,CR_LFINF_DUL_H4,28.71117,83.91382,0.0993,0.0761,0.844,0.149,0.202,0.006,0.023,0.001,0.004,0.0,0.002,None,0.009
537,RCC_H4 gaqble roof,CR_LFINF_DUL_H4,28.48617,83.91382,0.0954,0.0778,0.856,0.137,0.191,0.006,0.026,0.001,0.007,0.0,0.005,None,0.009
538,RCC_H4 gaqble roof,CR_LFINF_DUL_H4,29.83617,81.13882,0.0983,0.082,0.852,0.139,0.198,0.007,0.029,0.001,0.006,0.0,0.003,None,0.009
539,RCC_H4 gaqble roof,CR_LFINF_DUL_H4,29.23617,83.08882,0.0988,0.081,0.851,0.141,0.195,0.007,0.028,0.001,0.008,0.001,0.006,None,0.009
540,RCC_H4 gaqble roof,CR_LFINF_DUL_H4,28.86117,82.93882,0.093,0.0771,0.864,0.129,0.19,0.006,0.025,0.001,0.006,0.0,0.003,None,0.008
541,RCC_H4 gaqble roof,CR_LFINF_DUL_H4,29.16117,84.06382,0.0923,0.0759,0.869,0.124,0.185,0.005,0.025,0.001,0.007,0.0,0.005,None,0.008
542,RCC_H4 gaqble roof,CR_LFINF_DUL_H4,28.93617,83.23882,0.099,0.0678,0.847,0.148,0.19,0.005,0.017,0.001,0.003,0.0,0.001,None,0.009
543,RCC_H4 gaqble roof,CR_LFINF_DUL_H4,27.43617,84.58882,0.1078,0.0906,0.826,0.163,0.198,0.008,0.035,0.002,0.011,0.001,0.008,None,0.011
544,RCC_H4 gaqble roof,CR_LFINF_DUL_H4,27.66117,87.13882,0.0952,0.0681,0.857,0.138,0.185,0.005,0.018,0.001,0.003,0.0,0.001,None,0.008
545,RCC_H4 gaqble roof,CR_LFINF_DUL_H4,30.28617,81.81382,0.1009,0.0735,0.842,0.151,0.199,0.006,0.021,0.001,0.004,0.0,0.001,None,0.009
546,RCC_H4 gaqble roof,CR_LFINF_DUL_H4,29.08617,82.78882,0.0971,0.0691,0.853,0.141,0.187,0.005,0.02,0.001,0.004,0.0,0.001,None,0.009
547,RCC_H4 gaqble roof,CR_LFINF_DUL_H4,27.73617,82.63882,0.0941,0.0719,0.862,0.132,0.19,0.005,0.021,0.001,0.004,0.0,0.002,None,0.008
548,RCC_H4 gaqble roof,CR_LFINF_DUL_H4,29.16117,82.71382,0.0957,0.0768,0.857,0.136,0.189,0.006,0.026,0.001,0.007,0.0,0.004,None,0.009
549,RCC_H4 gaqble roof,CR_LFINF_DUL_H4,28.48617,84.51382,0.1003,0.085,0.847,0.144,0.198,0.008,0.031,0.001,0.008,0.001,0.005,None,0.01
550,RCC_H4 gaqble roof,CR_LFINF_DUL_H4,29.16117,83.01382,0.095,0.0747,0.864,0.129,0.182,0.006,0.026,0.001,0.006,0.0,0.003,None,0.008
551,RCC_H4 gaqble roof,CR_LFINF_DUL_H4,28.56117,81.36382,0.1007,0.0773,0.844,0.149,0.197,0.007,0.025,0.001,0.005,0.0,0.002,None,0.01
552,RCC_H4 gaqble roof,CR_LFINF_DUL_H4,29.23617,83.23882,0.1006,0.0788,0.846,0.146,0.191,0.006,0.027,0.001,0.008,0.001,0.006,None,0.01
553,RCC_H4 gaqble roof,CR_LFINF_DUL_H4,29.23617,84.13882,0.1002,0.0793,0.844,0.148,0.201,0.007,0.025,0.001,0.006,0.0,0.004,None,0.01
554,RCC_H4 gaqble roof,CR_LFINF_DUL_H4,30.21117,82.03882,0.0979,0.0691,0.849,0.146,0.189,0.005,0.019,0.001,0.004,0.0,0.002,None,0.009
555,RCC_H4 gaqble roof,CR_LFINF_DUL_H4,29.01117,83.01382,0.096,0.0739,0.857,0.136,0.187,0.005,0.023,0.001,0.007,0.0,0.004,None,0.009
556,RCC_H3 flat roof,CR_LFINF_DUL_H3,29.31117,82.63882,0.0968,0.0773,0.958,0.041,0.084,0.001,0.009,0.0,0.002,0.0,0.001,None,0.002
557,RCC_H3 flat roof,CR_LFINF_DUL_H3,29.08617,83.98882,0.0928,0.0776,0.959,0.04,0.092,0.001,0.007,0.0,0.001,0.0,0.001,None,0.002
558,RCC_H3 flat roof,CR_LFINF_DUL_H3,27.58617,88.03882,0.0968,0.0733,0.957,0.042,0.087,0.001,0.005,0.0,0.001,0.0,0.0,None,0.002
559,RCC_H3 flat roof,CR_LFINF_DUL_H3,30.28617,81.96382,0.0996,0.0743,0.956,0.043,0.087,0.001,0.006,0.0,0.001,0.0,0.001,None,0.003
560,RCC_H3 flat roof,CR_LFINF_DUL_H3,29.23617,82.78882,0.0956,0.076,0.96,0.039,0.087,0.001,0.008,0.0,0.002,0.0,0.001,None,0.002
561,RCC_H3 flat roof,CR_LFINF_DUL_H3,29.01117,83.31382,0.0924,0.0699,0.961,0.038,0.08,0.001,0.004,0.0,0.001,0.0,0.0,None,0.002
562,RCC_H3 flat roof,CR_LFINF_DUL_H3,28.41117,84.96382,0.102,0.0837,0.952,0.046,0.095,0.002,0.01,0.0,0.002,0.0,0.002,None,0.003
563,RCC_H3 flat roof,CR_LFINF_DUL_H3,29.31117,82.78882,0.101,0.0801,0.95,0.048,0.096,0.001,0.006,0.0,0.001,0.0,0.001,None,0.003
564,RCC_H3 flat roof,CR_LFINF_DUL_H3,29.01117,83.46382,0.0956,0.0673,0.961,0.038,0.075,0.001,0.005,0.0,0.001,0.0,0.0,None,0.002
565,RCC_H3 flat roof,CR_LFINF_DUL_H3,29.98617,81.51382,0.0889,0.0606,0.968,0.031,0.067,0.001,0.003,0.0,0.0,0.0,0.0,None,0.002
566,RCC_H3 flat roof,CR_LFINF_DUL_H3,29.53617,83.16382,0.0957,0.0706,0.958,0.041,0.083,0.001,0.004,0.0,0.001,0.0,0.0,None,0.002
567,RCC_H3 flat roof,CR_LFINF_DUL_H3,28.93617,83.61382,0.0968,0.0702,0.959,0.04,0.079,0.001,0.006,0.0,0.001,0.0,0.001,None,0.002
568,RCC_H3 flat roof,CR_LFINF_DUL_H3,27.73617,87.13882,0.0963,0.0682,0.958,0.041,0.078,0.001,0.003,0.0,0.0,0.0,0.0,None,0.002
569,RCC_H3 flat roof,CR_LFINF_DUL_H3,30.06117,81.43882,0.0941,0.0687,0.962,0.037,0.077,0.001,0.005,0.0,0.001,0.0,0.0,None,0.002
570,RCC_H3 flat roof,CR_LFINF_DUL_H3,28.41117,83.91382,0.0953,0.0659,0.961,0.039,0.076,0.001,0.003,0.0,0.0,0.0,0.0,None,0.002
571,RCC_H3 flat roof,CR_LFINF_DUL_H3,30.28617,81.51382,0.0967,0.0727,0.956,0.042,0.086,0.001,0.004,0.0,0.001,0.0,0.0,None,0.002
572,RCC_H3 flat roof,CR_LFINF_DUL_H3,29.98617,82.18882,0.0919,0.0677,0.963,0.036,0.074,0.001,0.005,0.0,0.001,0.0,0.001,None,0.002
573,RCC_H3 flat roof,CR_LFINF_DUL_H3,29.16117,82.56382,0.0997,0.074,0.954,0.044,0.086,0.001,0.005,0.0,0.001,0.0,0.001,None,0.003
574,RCC_H3 flat roof,CR_LFINF_DUL_H3,28.63617,83.68882,0.1042,0.0772,0.95,0.049,0.091,0.001,0.006,0.0,0.001,0.0,0.001,None,0.003
575,RCC_H3 flat roof,CR_LFINF_DUL_H3,27.81117,87.58882,0.0954,0.0816,0.959,0.039,0.087,0.001,0.01,0.0,0.003,0.0,0.002,None,0.003
576,RCC_H3 flat roof,CR_LFINF_DUL_H3,29.31117,83.08882,0.0974,0.0835,0.953,0.045,0.099,0.002,0.008,0.0,0.002,0.0,0.001,None,0.003
577,RCC_H3 flat roof,CR_LFINF_DUL_H3,27.58617,87.51382,0.0957,0.0708,0.959,0.04,0.083,0.001,0.005,0.0,0.001,0.0,0.0,None,0.002
578,RCC_H3 flat roof,CR_LFINF_DUL_H3,29.61117,82.93882,0.0975,0.0712,0.958,0.041,0.083,0.001,0.005,0.0,0.001,0.0,0.0,None,0.002
579,RCC_H3 flat roof,CR_LFINF_DUL_H3,28.48617,84.28882,0.094,0.0762,0.958,0.041,0.088,0.001,0.006,0.0,0.001,0.0,0.001,None,0.002
580,RCC_H3 flat roof,CR_LFINF_DUL_H3,27.81117,87.13882,0.0994,0.0697,0.956,0.043,0.08,0.001,0.004,0.0,0.001,0.0,0.0,None,0.002
581,RCC_H3 flat roof,CR_LFINF_DUL_H3,30.13617,81.58882,0.096,0.0687,0.96,0.039,0.079,0.001,0.005,0.0,0.001,0.0,0.0,None,0.002
582,RCC_H3 flat roof,CR_LFINF_DUL_H3,30.13617,81.96382,0.0963,0.073,0.957,0.041,0.083,0.001,0.006,0.0,0.001,0.0,0.001,None,0.002
583,RCC_H3 flat roof,CR_LFINF_DUL_H3,30.13617,81.66382,0.0994,0.0826,0.953,0.045,0.097,0.002,0.008,0.0,0.002,0.0,0.001,None,0.003
584,RCC_H3 flat roof,CR_LFINF_DUL_H3,28.33617,81.58882,0.0965,0.0735,0.956,0.043,0.087,0.001,0.004,0.0,0.001,0.0,0.0,None,0.002
585,RCC_H1 flat roof,CR_LFINF_DUL_H1,27.73617,87.21382,0.0987,0.0794,0.981,0.016,0.056,0.002,0.014,0.001,0.007,0.001,0.01,None,0.002
586,RCC_H1 flat roof,CR_LFINF_DUL_H1,28.56117,81.43882,0.0955,0.0746,0.982,0.015,0.056,0.002,0.012,0.0,0.005,0.0,0.006,None,0.002
587,RCC_H1 flat roof,CR_LFINF_DUL_H1,29.23617,82.86382,0.0994,0.0826,0.977,0.019,0.068,0.002,0.015,0.001,0.006,0.001,0.009,None,0.002
588,RCC_H1 flat roof,CR_LFINF_DUL_H1,29.01117,83.38882,0.0976,0.0729,0.984,0.013,0.05,0.001,0.013,0.0,0.006,0.001,0.008,None,0.002
589,RCC_H1 flat roof,CR_LFINF_DUL_H1,28.41117,84.58882,0.0948,0.0725,0.983,0.016,0.057,0.001,0.008,0.0,0.002,0.0,0.002,None,0.001
590,RCC_H1 flat roof,CR_LFINF_DUL_H1,29.01117,80.38882,0.0954,0.0703,0.984,0.014,0.051,0.001,0.007,0.0,0.002,0.0,0.002,None,0.001
591,RCC_H1 flat roof,CR_LFINF_DUL_H1,28.11117,81.96382,0.0995,0.0816,0.979,0.017,0.063,0.002,0.016,0.001,0.006,0.001,0.009,None,0.002
592,RCC_H1 flat roof,CR_LFINF_DUL_H1,28.11117,85.86382,0.0985,0.0754,0.98,0.017,0.06,0.001,0.009,0.0,0.002,0.0,0.002,None,0.002
593,RCC_H1 flat roof,CR_LFINF_DUL_H1,30.06117,81.28882,0.0994,0.0697,0.984,0.014,0.048,0.001,0.008,0.0,0.003,0.0,0.003,None,0.001
594,RCC_H1 flat roof,CR_LFINF_DUL_H1,29.61117,82.86382,0.096,0.0687,0.985,0.013,0.051,0.001,0.009,0.0,0.003,0.0,0.003,None,0.001
595,RCC_H1 flat roof,CR_LFINF_DUL_H1,29.31117,83.98882,0.0975,0.0806,0.979,0.018,0.064,0.002,0.014,0.001,0.006,0.001,0.009,None,0.002
596,RCC_H1 flat roof,CR_LFINF_DUL_H1,29.31117,83.01382,0.093,0.0703,0.986,0.012,0.052,0.001,0.012,0.0,0.005,0.0,0.006,None,0.002
597,RCC_H1 flat roof,CR_LFINF_DUL_H1,28.93617,83.46382,0.0992,0.0751,0.981,0.017,0.056,0.001,0.009,0.0,0.003,0.0,0.003,None,0.002
598,RCC_H1 flat roof,CR_LFINF_DUL_H1,27.96117,86.76382,0.0955,0.0746,0.982,0.015,0.056,0.002,0.012,0.0,0.005,0.0,0.006,None,0.002
599,RCC_H1 flat roof,CR_LFINF_DUL_H1,28.18617,85.71382,0.0924,0.0644,0.988,0.011,0.043,0.001,0.007,0.0,0.002,0.0,0.002,None,0.001
600,RCC_H1 flat roof,CR_LFINF_DUL_H1,28.33617,84.66382,0.0974,0.0694,0.985,0.014,0.047,0.001,0.007,0.0,0.002,0.0,0.002,None,0.001
601,RCC_H1 flat roof,CR_LFINF_DUL_H1,29.31117,82.86382,0.0945,0.0719,0.984,0.014,0.055,0.001,0.009,0.0,0.003,0.0,0.002,None,0.001
602,RCC_H1 flat roof,CR_LFINF_DUL_H1,29.16117,82.63882,0.1028,0.0804,0.978,0.019,0.066,0.002,0.015,0.001,0.005,0.001,0.006,None,0.002
603,RCC_H1 flat roof,CR_LFINF_DUL_H1,28.71117,84.13882,0.0946,0.0675,0.985,0.013,0.052,0.001,0.007,0.0,0.002,0.0,0.001,None,0.001
604,RCC_H1 flat roof,CR_LFINF_DUL_H1,28.71117,83.76382,0.1051,0.0867,0.975,0.02,0.066,0.003,0.017,0.001,0.007,0.001,0.011,None,0.003
605,RCC_H1 flat roof,CR_LFINF_DUL_H1,27.58617,87.06382,0.0984,0.0694,0.984,0.014,0.051,0.001,0.008,0.0,0.002,0.0,0.002,None,0.001
606,RCC_H1 flat roof,CR_LFINF_DUL_H1,29.38617,82.86382,0.0994,0.0791,0.979,0.018,0.067,0.002,0.014,0.001,0.005,0.001,0.005,None,0.002
607,RCC_H1 flat roof,CR_LFINF_DUL_H1,27.81117,86.83882,0.0988,0.0725,0.982,0.016,0.059,0.002,0.01,0.0,0.003,0.0,0.003,None,0.002
608,RCC_H1 flat roof,CR_LFINF_DUL_H1,28.86117,80.83882,0.1026,0.09,0.973,0.022,0.074,0.003,0.016,0.001,0.007,0.001,0.013,None,0.003
609,RCC_H1 flat roof,CR_LFINF_DUL_H1,29.01117,83.08882,0.0922,0.0634,0.988,0.011,0.042,0.001,0.004,0.0,0.001,0.0,0.001,None,0.001
610,RCC_H1 flat roof,CR_LFINF_DUL_H1,29.08617,83.38882,0.093,0.0726,0.985,0.013,0.047,0.001,0.012,0.0,0.006,0.001,0.01,None,0.002
611,Timber,W_WWD_LWAL_DNO_H1,28.48617,81.43882,0.0967,0.0749,0.933,0.061,0.112,0.004,0.018,0.001,0.008,0.001,0.012,None,0.005
612,Timber,W_WWD_LWAL_DNO_H1,30.36117,81.51382,0.0987,0.074,0.926,0.067,0.123,0.005,0.019,0.001,0.006,0.001,0.004,None,0.006
613,Timber,W_WWD_LWAL_DNO_H1,29.23617,84.06382,0.0984,0.0877,0.929,0.062,0.115,0.006,0.027,0.002,0.012,0.002,0.016,None,0.007
614,Timber,W_WWD_LWAL_DNO_H1,29.16117,82.78882,0.1015,0.0778,0.919,0.073,0.128,0.006,0.021,0.001,0.006,0.001,0.005,None,0.006
615,Timber,W_WWD_LWAL_DNO_H1,28.41117,84.21382,0.1005,0.0743,0.923,0.07,0.12,0.005,0.019,0.001,0.006,0.001,0.005,None,0.006
616,Timber,W_WWD_LWAL_DNO_H1,28.86117,80.76382,0.0981,0.0798,0.927,0.065,0.121,0.006,0.024,0.001,0.008,0.001,0.007,None,0.006
617,Timber,W_WWD_LWAL_DNO_H1,28.78617,83.91382,0.0994,0.0756,0.924,0.069,0.121,0.005,0.02,0.001,0.006,0.001,0.006,None,0.006
618,Timber,W_WWD_LWAL_DNO_H1,29.16117,83.31382,0.0968,0.0681,0.929,0.065,0.118,0.004,0.014,0.001,0.003,0.0,0.003,None,0.005
619,Timber,W_WWD_LWAL_DNO_H1,29.76117,81.58882,0.1018,0.0784,0.919,0.073,0.125,0.006,0.022,0.001,0.007,0.001,0.006,None,0.006
620,Timber,W_WWD_LWAL_DNO_H1,27.73617,82.71382,0.1008,0.0773,0.922,0.071,0.122,0.005,0.021,0.001,0.006,0.001,0.005,None,0.006
621,Timber,W_WWD_LWAL_DNO_H1,28.86117,80.98882,0.0958,0.0711,0.928,0.066,0.117,0.004,0.016,0.001,0.005,0.0,0.004,None,0.005
622,Timber,W_WWD_LWAL_DNO_H1,30.21117,81.96382,0.1056,0.0855,0.915,0.075,0.129,0.007,0.027,0.002,0.009,0.001,0.009,None,0.007
623,Timber,W_WWD_LWAL_DNO_H1,28.41117,85.11382,0.1003,0.0772,0.921,0.071,0.126,0.006,0.02,0.001,0.006,0.001,0.005,None,0.006
624,Timber,W_WWD_LWAL_DNO_H1,29.83617,81.36382,0.0984,0.0706,0.926,0.068,0.118,0.004,0.016,0.001,0.004,0.0,0.003,None,0.005
625,Timber,W_WWD_LWAL_DNO_H1,28.93617,83.76382,0.0998,0.0752,0.922,0.071,0.129,0.005,0.018,0.001,0.005,0.001,0.003,None,0.006
626,Timber,W_WWD_LWAL_DNO_H1,29.53617,83.01382,0.0981,0.0708,0.926,0.068,0.116,0.004,0.016,0.001,0.005,0.0,0.004,None,0.005
627,Timber,W_WWD_LWAL_DNO_H1,29.91117,81.73882,0.0981,0.0719,0.927,0.067,0.12,0.005,0.017,0.001,0.005,0.001,0.004,None,0.005
628,Timber,W_WWD_LWAL_DNO_H1,27.66117,87.43882,0.1001,0.0727,0.925,0.069,0.12,0.005,0.018,0.001,0.006,0.001,0.005,None,0.006
629,Timber,W_WWD_LWAL_DNO_H1,27.51117,88.03882,0.1015,0.0887,0.918,0.072,0.13,0.007,0.027,0.002,0.01,0.001,0.012,None,0.007
630,Timber,W_WWD_LWAL_DNO_H1,30.13617,81.73882,0.1016,0.0817,0.919,0.073,0.13,0.006,0.022,0.001,0.008,0.001,0.009,None,0.007
631,Timber,W_WWD_LWAL_DNO_H1,28.93617,83.53882,0.0937,0.0702,0.937,0.058,0.105,0.004,0.018,0.001,0.006,0.001,0.008,None,0.005
632,Timber,W_WWD_LWAL_DNO_H1,27.73617,86.53882,0.0902,0.064,0.942,0.054,0.108,0.003,0.013,0.001,0.003,0.0,0.002,None,0.004
633,Timber,W_WWD_LWAL_DNO_H1,29.98617,82.33882,0.0993,0.074,0.925,0.068,0.121,0.005,0.019,0.001,0.005,0.001,0.004,None,0.006
634,Timber,W_WWD_LWAL_DNO_H1,29.46117,81.88882,0.0939,0.0657,0.936,0.06,0.109,0.004,0.014,0.001,0.004,0.0,0.003,None,0.004
635,Timber,W_WWD_LWAL_DNO_H1,27.96117,86.61382,0.0911,0.0738,0.942,0.052,0.102,0.004,0.02,0.001,0.008,0.001,0.012,None,0.005
636,Timber,W_WWD_LWAL_DNO_H1,27.66117,86.91382,0.0988,0.0769,0.928,0.065,0.12,0.005,0.022,0.001,0.007,0.001,0.007,None,0.006
637,RCC_H2 gable roof,CR_LFINF_DUL_H2,29.46117,83.31382,0.1022,0.077,0.937,0.061,0.104,0.001,0.008,0.0,0.002,0.0,0.001,None,0.004
638,RCC_H2 gable roof,CR_LFINF_DUL_H2,29.23617,83.31382,0.0999,0.0774,0.938,0.061,0.108,0.001,0.007,0.0,0.001,0.0,0.001,None,0.003
639,RCC_H2 gable roof,CR_LFINF_DUL_H2,29.08617,83.53882,0.0949,0.0717,0.945,0.054,0.098,0.001,0.006,0.0,0.001,0.0,0.001,None,0.003
640,RCC_H2 gable roof,CR_LFINF_DUL_H2,28.93617,80.68882,0.0963,0.0753,0.94,0.058,0.108,0.001,0.006,0.0,0.001,0.0,0.0,None,0.003
641,RCC_H2 gable roof,CR_LFINF_DUL_H2,29.01117,83.53882,0.0949,0.0717,0.945,0.054,0.098,0.001,0.006,0.0,0.001,0.0,0.001,None,0.003
642,RCC_H2 gable roof,CR_LFINF_DUL_H2,28.78617,81.13882,0.0978,0.0779,0.939,0.059,0.112,0.001,0.006,0.0,0.001,0.0,0.0,None,0.003
643,RCC_H1 flat roof,CR_LFINF_DUL_H1,28.48617,83.98882,0.1023,0.0773,0.979,0.018,0.065,0.002,0.012,0.0,0.004,0.0,0.004,None,0.002
644,RCC_H1 flat roof,CR_LFINF_DUL_H1,29.38617,83.23882,0.0983,0.0791,0.979,0.018,0.062,0.002,0.013,0.001,0.004,0.0,0.005,None,0.002
645,RCC_H1 flat roof,CR_LFINF_DUL_H1,29.08617,83.01382,0.0981,0.0783,0.981,0.016,0.059,0.002,0.014,0.001,0.006,0.001,0.008,None,0.002
646,RCC_H1 flat roof,CR_LFINF_DUL_H1,28.71117,83.31382,0.097,0.0683,0.985,0.014,0.052,0.001,0.008,0.0,0.002,0.0,0.002,None,0.001
647,RCC_H1 flat roof,CR_LFINF_DUL_H1,27.73617,86.91382,0.0954,0.0747,0.984,0.013,0.049,0.001,0.012,0.0,0.006,0.001,0.012,None,0.002
648,RCC_H1 flat roof,CR_LFINF_DUL_H1,29.31117,83.16382,0.1001,0.0772,0.98,0.017,0.061,0.002,0.012,0.0,0.004,0.0,0.004,None,0.002
649,RCC_H1 flat roof,CR_LFINF_DUL_H1,28.93617,80.61382,0.0991,0.0812,0.978,0.018,0.065,0.002,0.013,0.001,0.006,0.001,0.01,None,0.002
650,RCC_H1 flat roof,CR_LFINF_DUL_H1,29.01117,83.91382,0.0988,0.0767,0.981,0.017,0.059,0.002,0.012,0.0,0.005,0.0,0.006,None,0.002
651,RCC_H1 flat roof,CR_LFINF_DUL_H1,30.28617,82.03882,0.1054,0.079,0.976,0.021,0.068,0.002,0.011,0.0,0.003,0.0,0.003,None,0.002
652,RCC_H1 flat roof,CR_LFINF_DUL_H1,29.31117,83.38882,0.0984,0.0716,0.982,0.016,0.052,0.001,0.006,0.0,0.001,0.0,0.001,None,0.001
653,RCC_H3 flat roof,CR_LFINF_DUL_H3,28.86117,80.68882,0.0988,0.0767,0.955,0.044,0.089,0.001,0.007,0.0,0.001,0.0,0.001,None,0.003
654,RCC_H3 flat roof,CR_LFINF_DUL_H3,28.71117,83.46382,0.1053,0.0862,0.947,0.05,0.105,0.002,0.009,0.0,0.002,0.0,0.001,None,0.003
655,RCC_H3 flat roof,CR_LFINF_DUL_H3,28.41117,84.13882,0.1016,0.0839,0.952,0.046,0.094,0.002,0.01,0.0,0.002,0.0,0.002,None,0.003
656,RCC_H3 flat roof,CR_LFINF_DUL_H3,29.16117,83.08882,0.0979,0.0789,0.954,0.044,0.093,0.001,0.007,0.0,0.001,0.0,0.001,None,0.003
657,RCC_H3 flat roof,CR_LFINF_DUL_H3,28.78617,84.13882,0.1005,0.0811,0.953,0.045,0.095,0.001,0.008,0.0,0.002,0.0,0.001,None,0.003
658,RCC_H3 flat roof,CR_LFINF_DUL_H3,28.33617,85.11382,0.096,0.0682,0.961,0.038,0.08,0.001,0.004,0.0,0.001,0.0,0.0,None,0.002
659,RCC_H3 flat roof,CR_LFINF_DUL_H3,29.01117,84.06382,0.0976,0.078,0.956,0.042,0.092,0.001,0.007,0.0,0.002,0.0,0.001,None,0.003
660,RCC_H3 flat roof,CR_LFINF_DUL_H3,29.61117,83.01382,0.0962,0.0729,0.957,0.041,0.086,0.001,0.005,0.0,0.001,0.0,0.0,None,0.002
661,RCC_H3 flat roof,CR_LFINF_DUL_H3,27.73617,86.83882,0.0964,0.0681,0.96,0.039,0.081,0.001,0.004,0.0,0.001,0.0,0.0,None,0.002
662,RCC_H3 flat roof,CR_LFINF_DUL_H3,28.78617,84.36382,0.0992,0.0749,0.956,0.043,0.087,0.001,0.006,0.0,0.001,0.0,0.001,None,0.003
663,MR_H1 flat roof,MUR_LWAL_DNO_H1,28.56117,84.13882,0.1016,0.082,0.964,0.033,0.077,0.003,0.015,0.001,0.005,0.0,0.004,None,0.003
664,MR_H1 flat roof,MUR_LWAL_DNO_H1,29.01117,83.16382,0.0924,0.0665,0.975,0.023,0.06,0.001,0.009,0.0,0.002,0.0,0.002,None,0.002
665,MR_H1 flat roof,MUR_LWAL_DNO_H1,29.23617,83.01382,0.0967,0.0693,0.971,0.027,0.065,0.002,0.009,0.0,0.002,0.0,0.001,None,0.002
666,MR_H1 flat roof,MUR_LWAL_DNO_H1,28.86117,82.86382,0.1017,0.0795,0.965,0.032,0.075,0.003,0.013,0.001,0.005,0.0,0.005,None,0.003
667,MR_H1 flat roof,MUR_LWAL_DNO_H1,28.56117,85.03882,0.1066,0.0771,0.962,0.035,0.077,0.003,0.011,0.0,0.003,0.0,0.002,None,0.003
668,MR_H1 flat roof,MUR_LWAL_DNO_H1,28.78617,83.31382,0.1031,0.0784,0.963,0.034,0.078,0.003,0.011,0.0,0.003,0.0,0.002,None,0.003
669,MR_H1 flat roof,MUR_LWAL_DNO_H1,28.18617,81.88882,0.0994,0.0769,0.967,0.03,0.073,0.002,0.012,0.0,0.004,0.0,0.004,None,0.003
670,MR_H2 gable roof,MUR_LWAL_DNO_H2,29.31117,83.23882,0.0994,0.0769,0.932,0.062,0.104,0.005,0.017,0.001,0.005,0.001,0.005,None,0.005
671,MR_H2 gable roof,MUR_LWAL_DNO_H2,29.16117,84.13882,0.0977,0.0724,0.933,0.061,0.103,0.004,0.015,0.001,0.004,0.0,0.002,None,0.005
672,MR_H2 gable roof,MUR_LWAL_DNO_H2,28.78617,84.21382,0.0975,0.0745,0.933,0.061,0.104,0.004,0.016,0.001,0.004,0.0,0.003,None,0.005
673,MR_H2 gable roof,MUR_LWAL_DNO_H2,27.96117,86.83882,0.0981,0.0733,0.933,0.061,0.101,0.004,0.016,0.001,0.004,0.0,0.003,None,0.005
674,MR_H2 gable roof,MUR_LWAL_DNO_H2,27.73617,87.58882,0.099,0.0722,0.932,0.063,0.103,0.004,0.014,0.001,0.004,0.0,0.002,None,0.005
675,MR_H2 gable roof,MUR_LWAL_DNO_H2,28.93617,83.31382,0.1008,0.0781,0.93,0.063,0.107,0.005,0.019,0.001,0.005,0.001,0.004,None,0.005
676,MR_H2 gable roof,MUR_LWAL_DNO_H2,30.06117,81.96382,0.1022,0.0774,0.927,0.066,0.111,0.005,0.017,0.001,0.004,0.0,0.003,None,0.005
677,MR_H2 gable roof,MUR_LWAL_DNO_H2,29.08617,82.93882,0.0948,0.0626,0.942,0.054,0.09,0.003,0.011,0.001,0.002,0.0,0.001,None,0.004
678,MR_H2 gable roof,MUR_LWAL_DNO_H2,28.78617,80.98882,0.0915,0.0699,0.945,0.051,0.089,0.003,0.016,0.001,0.005,0.0,0.005,None,0.004
679,MR_H2 gable roof,MUR_LWAL_DNO_H2,28.48617,84.73882,0.1007,0.0739,0.93,0.064,0.102,0.004,0.016,0.001,0.004,0.0,0.003,None,0.005
680,MR_H2 gable roof,MUR_LWAL_DNO_H2,27.73617,87.06382,0.1013,0.0759,0.929,0.064,0.107,0.005,0.017,0.001,0.005,0.0,0.003,None,0.005
681,MR_H2 gable roof,MUR_LWAL_DNO_H2,29.23617,83.16382,0.0992,0.0706,0.933,0.062,0.1,0.004,0.014,0.001,0.003,0.0,0.002,None,0.005
682,MR_H2 gable roof,MUR_LWAL_DNO_H2,28.41117,84.06382,0.0978,0.0739,0.934,0.06,0.102,0.004,0.016,0.001,0.004,0.0,0.003,None,0.005
683,MR_H2 gable roof,MUR_LWAL_DNO_H2,29.76117,82.63882,0.0932,0.0729,0.94,0.054,0.097,0.004,0.017,0.001,0.005,0.0,0.003,None,0.004
684,MR_H2 gable roof,MUR_LWAL_DNO_H2,29.08617,83.46382,0.0949,0.0759,0.934,0.061,0.108,0.005,0.015,0.001,0.004,0.0,0.003,None,0.005
685,MR_H2 gable roof,MUR_LWAL_DNO_H2,28.41117,83.98882,0.0932,0.0729,0.94,0.054,0.097,0.004,0.017,0.001,0.005,0.0,0.003,None,0.004
686,MR_H2 gable roof,MUR_LWAL_DNO_H2,28.33617,85.03882,0.0983,0.0801,0.934,0.06,0.1,0.005,0.02,0.001,0.007,0.001,0.007,None,0.005
687,MR_H2 gable roof,MUR_LWAL_DNO_H2,27.66117,87.06382,0.0965,0.0716,0.935,0.06,0.101,0.004,0.014,0.001,0.003,0.0,0.002,None,0.005
688,MR_H2 gable roof,MUR_LWAL_DNO_H2,30.06117,81.88882,0.1047,0.0964,0.926,0.065,0.106,0.006,0.025,0.002,0.01,0.001,0.014,None,0.007
689,MR_H2 gable roof,MUR_LWAL_DNO_H2,29.31117,83.91382,0.1024,0.0846,0.929,0.063,0.109,0.006,0.022,0.001,0.007,0.001,0.007,None,0.006
690,MR_H2 gable roof,MUR_LWAL_DNO_H2,29.01117,83.23882,0.0973,0.0669,0.934,0.061,0.099,0.004,0.01,0.001,0.002,0.0,0.001,None,0.004
691,RCC_H4 gaqble roof,CR_LFINF_DUL_H4,28.78617,83.98882,0.0944,0.0682,0.86,0.135,0.193,0.005,0.017,0.0,0.003,0.0,0.001,None,0.008
692,RCC_H4 gaqble roof,CR_LFINF_DUL_H4,30.13617,82.11382,0.101,0.0735,0.84,0.153,0.202,0.006,0.02,0.001,0.003,0.0,0.001,None,0.009
693,RCC_H4 gaqble roof,CR_LFINF_DUL_H4,28.93617,83.68882,0.103,0.0788,0.837,0.154,0.207,0.007,0.025,0.001,0.005,0.0,0.002,None,0.01
694,RCC_H4 gaqble roof,CR_LFINF_DUL_H4,28.86117,83.91382,0.0968,0.0759,0.853,0.14,0.191,0.006,0.025,0.001,0.005,0.0,0.002,None,0.009
695,RCC_H4 gaqble roof,CR_LFINF_DUL_H4,28.71117,83.91382,0.1027,0.0781,0.842,0.15,0.195,0.007,0.027,0.001,0.006,0.0,0.002,None,0.01
696,RCC_H4 gaqble roof,CR_LFINF_DUL_H4,28.48617,83.91382,0.0915,0.0689,0.871,0.123,0.178,0.005,0.021,0.001,0.005,0.0,0.003,None,0.008
697,RCC_H4 gaqble roof,CR_LFINF_DUL_H4,29.83617,81.13882,0.1043,0.0834,0.837,0.154,0.198,0.008,0.031,0.001,0.008,0.001,0.005,None,0.01
698,RCC_H4 gaqble roof,CR_LFINF_DUL_H4,29.23617,83.08882,0.0953,0.0754,0.859,0.134,0.191,0.006,0.024,0.001,0.005,0.0,0.002,None,0.009
699,RCC_H4 gaqble roof,CR_LFINF_DUL_H4,28.86117,82.93882,0.0982,0.0751,0.849,0.144,0.192,0.006,0.025,0.001,0.006,0.0,0.003,None,0.009
700,RCC_H4 gaqble roof,CR_LFINF_DUL_H4,29.16117,84.06382,0.1028,0.0815,0.838,0.154,0.201,0.007,0.028,0.001,0.008,0.0,0.005,None,0.01
701,RCC_H4 gaqble roof,CR_LFINF_DUL_H4,28.93617,83.23882,0.0939,0.0666,0.863,0.132,0.181,0.004,0.018,0.001,0.003,0.0,0.001,None,0.008
702,RCC_H4 gaqble roof,CR_LFINF_DUL_H4,27.43617,84.58882,0.1,0.0865,0.848,0.142,0.193,0.007,0.033,0.001,0.01,0.001,0.006,None,0.01
703,RCC_H4 gaqble roof,CR_LFINF_DUL_H4,27.66117,87.13882,0.1023,0.081,0.839,0.152,0.201,0.007,0.028,0.001,0.006,0.0,0.003,None,0.01
704,RCC_H4 gaqble roof,CR_LFINF_DUL_H4,30.28617,81.81382,0.0979,0.0803,0.855,0.137,0.184,0.007,0.031,0.001,0.008,0.0,0.004,None,0.009
705,RCC_H4 gaqble roof,CR_LFINF_DUL_H4,29.08617,82.78882,0.0979,0.0781,0.85,0.142,0.198,0.006,0.026,0.001,0.006,0.0,0.003,None,0.009
706,RCC_H4 gaqble roof,CR_LFINF_DUL_H4,27.73617,82.63882,0.0987,0.0768,0.846,0.147,0.199,0.006,0.024,0.001,0.006,0.0,0.003,None,0.009
707,RCC_H4 gaqble roof,CR_LFINF_DUL_H4,29.16117,82.71382,0.101,0.0807,0.844,0.148,0.197,0.007,0.028,0.001,0.008,0.0,0.005,None,0.01
708,RCC_H4 gaqble roof,CR_LFINF_DUL_H4,28.48617,84.51382,0.1003,0.0783,0.842,0.15,0.206,0.007,0.024,0.001,0.005,0.0,0.002,None,0.01
709,RCC_H4 gaqble roof,CR_LFINF_DUL_H4,29.16117,83.01382,0.1026,0.0781,0.837,0.155,0.199,0.007,0.026,0.001,0.006,0.0,0.003,None,0.01
710,RCC_H4 gaqble roof,CR_LFINF_DUL_H4,28.56117,81.36382,0.1006,0.0804,0.842,0.149,0.204,0.007,0.027,0.001,0.005,0.0,0.002,None,0.01
711,RCC_H4 gaqble roof,CR_LFINF_DUL_H4,29.23617,83.23882,0.1006,0.0822,0.847,0.144,0.198,0.007,0.028,0.001,0.008,0.0,0.006,None,0.01
712,RCC_H4 gaqble roof,CR_LFINF_DUL_H4,29.23617,84.13882,0.1038,0.0853,0.837,0.153,0.2,0.008,0.032,0.001,0.008,0.001,0.004,None,0.01
713,RCC_H4 gaqble roof,CR_LFINF_DUL_H4,30.21117,82.03882,0.1013,0.0777,0.843,0.149,0.198,0.006,0.026,0.001,0.006,0.0,0.003,None,0.01
714,RCC_H4 gaqble roof,CR_LFINF_DUL_H4,29.01117,83.01382,0.1044,0.0817,0.833,0.158,0.206,0.008,0.027,0.001,0.006,0.0,0.003,None,0.01
715,RCC_H3 flat roof,CR_LFINF_DUL_H3,29.31117,82.63882,0.1037,0.0834,0.949,0.049,0.099,0.002,0.008,0.0,0.002,0.0,0.001,None,0.003
716,RCC_H3 flat roof,CR_LFINF_DUL_H3,29.08617,83.98882,0.0974,0.0742,0.957,0.041,0.083,0.001,0.007,0.0,0.002,0.0,0.001,None,0.002
717,RCC_H3 flat roof,CR_LFINF_DUL_H3,27.58617,88.03882,0.1028,0.0739,0.952,0.047,0.09,0.001,0.004,0.0,0.001,0.0,0.0,None,0.003
718,RCC_H3 flat roof,CR_LFINF_DUL_H3,30.28617,81.96382,0.1023,0.0771,0.95,0.049,0.092,0.001,0.005,0.0,0.001,0.0,0.0,None,0.003
719,RCC_H3 flat roof,CR_LFINF_DUL_H3,29.23617,82.78882,0.1022,0.0711,0.952,0.047,0.082,0.001,0.003,0.0,0.0,0.0,0.0,None,0.003
720,RCC_H3 flat roof,CR_LFINF_DUL_H3,29.01117,83.31382,0.0981,0.0719,0.957,0.042,0.083,0.001,0.005,0.0,0.001,0.0,0.0,None,0.002
721,RCC_H3 flat roof,CR_LFINF_DUL_H3,28.41117,84.96382,0.1039,0.0737,0.95,0.048,0.089,0.001,0.004,0.0,0.001,0.0,0.0,None,0.003
722,RCC_H3 flat roof,CR_LFINF_DUL_H3,29.31117,82.78882,0.0992,0.0749,0.954,0.045,0.091,0.001,0.005,0.0,0.001,0.0,0.0,None,0.003
723,RCC_H3 flat roof,CR_LFINF_DUL_H3,29.01117,83.46382,0.0961,0.0797,0.957,0.041,0.089,0.001,0.009,0.0,0.002,0.0,0.001,None,0.003
724,RCC_H3 flat roof,CR_LFINF_DUL_H3,29.98617,81.51382,0.1007,0.0776,0.955,0.043,0.088,0.001,0.009,0.0,0.002,0.0,0.001,None,0.003
725,RCC_H3 flat roof,CR_LFINF_DUL_H3,29.53617,83.16382,0.0925,0.0677,0.961,0.038,0.078,0.001,0.003,0.0,0.0,0.0,0.0,None,0.002
726,RCC_H3 flat roof,CR_LFINF_DUL_H3,28.93617,83.61382,0.0996,0.077,0.953,0.046,0.092,0.001,0.005,0.0,0.001,0.0,0.0,None,0.003
727,RCC_H3 flat roof,CR_LFINF_DUL_H3,27.73617,87.13882,0.1024,0.0835,0.949,0.049,0.1,0.002,0.008,0.0,0.002,0.0,0.001,None,0.003
728,RCC_H3 flat roof,CR_LFINF_DUL_H3,30.06117,81.43882,0.098,0.0706,0.957,0.042,0.085,0.001,0.004,0.0,0.001,0.0,0.0,None,0.002
729,RCC_H3 flat roof,CR_LFINF_DUL_H3,28.41117,83.91382,0.0999,0.0785,0.952,0.046,0.094,0.001,0.006,0.0,0.001,0.0,0.001,None,0.003
730,RCC_H3 flat roof,CR_LFINF_DUL_H3,30.28617,81.51382,0.1003,0.0737,0.955,0.044,0.089,0.001,0.005,0.0,0.001,0.0,0.0,None,0.003
731,RCC_H3 flat roof,CR_LFINF_DUL_H3,29.98617,82.18882,0.0983,0.0809,0.952,0.046,0.094,0.001,0.007,0.0,0.001,0.0,0.001,None,0.003
732,RCC_H3 flat roof,CR_LFINF_DUL_H3,29.16117,82.56382,0.0984,0.0724,0.955,0.043,0.085,0.001,0.004,0.0,0.001,0.0,0.0,None,0.002
733,RCC_H3 flat roof,CR_LFINF_DUL_H3,28.63617,83.68882,0.0991,0.0768,0.955,0.043,0.086,0.001,0.007,0.0,0.002,0.0,0.001,None,0.003
734,RCC_H3 flat roof,CR_LFINF_DUL_H3,27.81117,87.58882,0.1007,0.0758,0.955,0.043,0.087,0.001,0.007,0.0,0.002,0.0,0.001,None,0.003
735,RCC_H3 flat roof,CR_LFINF_DUL_H3,29.31117,83.08882,0.0995,0.0821,0.954,0.044,0.096,0.002,0.008,0.0,0.002,0.0,0.001,None,0.003
736,RCC_H3 flat roof,CR_LFINF_DUL_H3,27.58617,87.51382,0.1,0.0829,0.95,0.048,0.1,0.001,0.007,0.0,0.001,0.0,0.001,None,0.003
737,RCC_H3 flat roof,CR_LFINF_DUL_H3,29.61117,82.93882,0.1015,0.0793,0.951,0.047,0.095,0.001,0.006,0.0,0.001,0.0,0.001,None,0.003
738,RCC_H3 flat roof,CR_LFINF_DUL_H3,28.48617,84.28882,0.1016,0.0818,0.954,0.044,0.09,0.002,0.01,0.0,0.002,0.0,0.001,None,0.003
739,RCC_H3 flat roof,CR_LFINF_DUL_H3,27.81117,87.13882,0.1023,0.0825,0.95,0.048,0.1,0.002,0.007,0.0,0.001,0.0,0.001,None,0.003
740,RCC_H3 flat roof,CR_LFINF_DUL_H3,30.13617,81.58882,0.1023,0.0831,0.953,0.045,0.093,0.002,0.01,0.0,0.002,0.0,0.001,None,0.003
741,RCC_H3 flat roof,CR_LFINF_DUL_H3,30.13617,81.96382,0.0986,0.0776,0.954,0.044,0.094,0.001,0.006,0.0,0.001,0.0,0.001,None,0.003
742,RCC_H3 flat roof,CR_LFINF_DUL_H3,30.13617,81.66382,0.1053,0.0853,0.947,0.051,0.1,0.002,0.009,0.0,0.002,0.0,0.001,None,0.003
743,RCC_H3 flat roof,CR_LFINF_DUL_H3,28.33617,81.58882,0.1043,0.094,0.949,0.048,0.104,0.002,0.013,0.0,0.004,0.0,0.003,None,0.003
744,RCC_H1 flat roof,CR_LFINF_DUL_H1,27.73617,87.21382,0.1009,0.075,0.981,0.016,0.058,0.002,0.011,0.0,0.004,0.0,0.005,None,0.002
745,RCC_H1 flat roof,CR_LFINF_DUL_H1,28.56117,81.43882,0.0974,0.0879,0.978,0.017,0.065,0.003,0.019,0.001,0.009,0.001,0.016,None,0.003
746,RCC_H1 flat roof,CR_LFINF_DUL_H1,29.23617,82.86382,0.1033,0.079,0.98,0.017,0.058,0.002,0.014,0.001,0.006,0.001,0.008,None,0.002
747,RCC_H1 flat roof,CR_LFINF_DUL_H1,29.01117,83.38882,0.1033,0.0799,0.978,0.018,0.064,0.002,0.014,0.001,0.005,0.001,0.006,None,0.002
748,RCC_H1 flat roof,CR_LFINF_DUL_H1,28.41117,84.58882,0.0993,0.0741,0.981,0.017,0.06,0.001,0.008,0.0,0.002,0.0,0.002,None,0.002
749,RCC_H1 flat roof,CR_LFINF_DUL_H1,29.01117,80.38882,0.1043,0.0878,0.972,0.024,0.077,0.003,0.015,0.001,0.005,0.001,0.005,None,0.003
750,RCC_H1 flat roof,CR_LFINF_DUL_H1,28.11117,81.96382,0.098,0.0685,0.985,0.014,0.046,0.001,0.008,0.0,0.003,0.0,0.003,None,0.001
751,RCC_H1 flat roof,CR_LFINF_DUL_H1,28.11117,85.86382,0.0969,0.0705,0.984,0.014,0.056,0.001,0.009,0.0,0.003,0.0,0.003,None,0.001
752,RCC_H1 flat roof,CR_LFINF_DUL_H1,30.06117,81.28882,0.0993,0.0794,0.978,0.02,0.067,0.002,0.011,0.0,0.003,0.0,0.003,None,0.002
753,RCC_H1 flat roof,CR_LFINF_DUL_H1,29.61117,82.86382,0.0989,0.073,0.981,0.017,0.057,0.001,0.009,0.0,0.003,0.0,0.002,None,0.001
754,RCC_H1 flat roof,CR_LFINF_DUL_H1,29.31117,83.98882,0.1016,0.081,0.978,0.019,0.06,0.002,0.014,0.001,0.006,0.001,0.009,None,0.002
755,RCC_H1 flat roof,CR_LFINF_DUL_H1,29.31117,83.01382,0.0984,0.0739,0.985,0.013,0.046,0.001,0.014,0.001,0.006,0.001,0.01,None,0.002
756,RCC_H1 flat roof,CR_LFINF_DUL_H1,28.93617,83.46382,0.1003,0.0812,0.978,0.018,0.063,0.002,0.014,0.001,0.006,0.001,0.007,None,0.002
757,RCC_H1 flat roof,CR_LFINF_DUL_H1,27.96117,86.76382,0.1044,0.0834,0.974,0.023,0.071,0.002,0.012,0.001,0.004,0.0,0.005,None,0.002
758,RCC_H1 flat roof,CR_LFINF_DUL_H1,28.18617,85.71382,0.1002,0.0676,0.984,0.015,0.048,0.001,0.004,0.0,0.001,0.0,0.0,None,0.001
759,RCC_H1 flat roof,CR_LFINF_DUL_H1,28.33617,84.66382,0.093,0.0686,0.987,0.011,0.049,0.001,0.012,0.0,0.005,0.0,0.006,None,0.001
760,RCC_H1 flat roof,CR_LFINF_DUL_H1,29.31117,82.86382,0.0995,0.0727,0.983,0.015,0.053,0.001,0.012,0.0,0.005,0.0,0.006,None,0.002
761,RCC_H1 flat roof,CR_LFINF_DUL_H1,29.16117,82.63882,0.1081,0.0986,0.973,0.02,0.07,0.003,0.022,0.001,0.011,0.002,0.023,None,0.005
762,RCC_H1 flat roof,CR_LFINF_DUL_H1,28.71117,84.13882,0.1002,0.0715,0.983,0.015,0.056,0.001,0.01,0.0,0.003,0.0,0.003,None,0.002
763,RCC_H1 flat roof,CR_LFINF_DUL_H1,28.71117,83.76382,0.1,0.0746,0.981,0.016,0.057,0.002,0.011,0.0,0.004,0.0,0.005,None,0.002
764,RCC_H1 flat roof,CR_LFINF_DUL_H1,27.58617,87.06382,0.101,0.0721,0.982,0.016,0.052,0.001,0.008,0.0,0.003,0.0,0.003,None,0.001
765,RCC_H1 flat roof,CR_LFINF_DUL_H1,29.38617,82.86382,0.1051,0.0784,0.977,0.021,0.068,0.002,0.009,0.0,0.002,0.0,0.002,None,0.002
766,RCC_H1 flat roof,CR_LFINF_DUL_H1,27.81117,86.83882,0.0961,0.0669,0.986,0.013,0.046,0.001,0.006,0.0,0.002,0.0,0.001,None,0.001
767,RCC_H1 flat roof,CR_LFINF_DUL_H1,28.86117,80.83882,0.0951,0.0693,0.985,0.013,0.046,0.001,0.01,0.0,0.004,0.0,0.005,None,0.001
768,RCC_H1 flat roof,CR_LFINF_DUL_H1,29.01117,83.08882,0.0993,0.0781,0.979,0.019,0.064,0.002,0.01,0.0,0.003,0.0,0.002,None,0.002
769,RCC_H1 flat roof,CR_LFINF_DUL_H1,29.08617,83.38882,0.0996,0.0726,0.983,0.015,0.053,0.001,0.01,0.0,0.004,0.0,0.004,None,0.001
770,Timber,W_WWD_LWAL_DNO_H1,28.48617,81.43882,0.1018,0.0719,0.921,0.073,0.123,0.005,0.016,0.001,0.004,0.0,0.003,None,0.006
771,Timber,W_WWD_LWAL_DNO_H1,30.36117,81.51382,0.1041,0.0795,0.919,0.073,0.124,0.005,0.02,0.001,0.008,0.001,0.013,None,0.006
772,Timber,W_WWD_LWAL_DNO_H1,29.23617,84.06382,0.0976,0.075,0.929,0.065,0.118,0.005,0.021,0.001,0.007,0.001,0.006,None,0.006
773,Timber,W_WWD_LWAL_DNO_H1,29.16117,82.78882,0.1015,0.0723,0.922,0.072,0.122,0.005,0.017,0.001,0.005,0.001,0.004,None,0.006
774,Timber,W_WWD_LWAL_DNO_H1,28.41117,84.21382,0.0984,0.0814,0.925,0.066,0.124,0.006,0.024,0.001,0.008,0.001,0.009,None,0.006
775,Timber,W_WWD_LWAL_DNO_H1,28.86117,80.76382,0.1013,0.0823,0.921,0.07,0.125,0.006,0.024,0.002,0.009,0.001,0.009,None,0.007
776,Timber,W_WWD_LWAL_DNO_H1,28.78617,83.91382,0.1032,0.084,0.917,0.074,0.131,0.007,0.025,0.002,0.008,0.001,0.008,None,0.007
777,Timber,W_WWD_LWAL_DNO_H1,29.16117,83.31382,0.1074,0.0897,0.907,0.082,0.138,0.008,0.027,0.002,0.009,0.001,0.009,None,0.008
778,Timber,W_WWD_LWAL_DNO_H1,29.76117,81.58882,0.0989,0.0738,0.925,0.068,0.124,0.005,0.018,0.001,0.005,0.001,0.004,None,0.006
779,Timber,W_WWD_LWAL_DNO_H1,27.73617,82.71382,0.0964,0.0725,0.932,0.062,0.115,0.005,0.019,0.001,0.006,0.001,0.005,None,0.005
780,Timber,W_WWD_LWAL_DNO_H1,28.86117,80.98882,0.1032,0.0873,0.918,0.072,0.129,0.007,0.026,0.002,0.01,0.001,0.013,None,0.007
781,Timber,W_WWD_LWAL_DNO_H1,30.21117,81.96382,0.1015,0.0762,0.919,0.074,0.129,0.006,0.019,0.001,0.005,0.001,0.003,None,0.006
782,Timber,W_WWD_LWAL_DNO_H1,28.41117,85.11382,0.1037,0.0746,0.918,0.075,0.125,0.005,0.018,0.001,0.006,0.001,0.005,None,0.006
783,Timber,W_WWD_LWAL_DNO_H1,29.83617,81.36382,0.1014,0.073,0.92,0.073,0.125,0.005,0.017,0.001,0.004,0.001,0.003,None,0.006
784,Timber,W_WWD_LWAL_DNO_H1,28.93617,83.76382,0.1024,0.0757,0.92,0.073,0.124,0.005,0.02,0.001,0.006,0.001,0.005,None,0.006
785,Timber,W_WWD_LWAL_DNO_H1,29.53617,83.01382,0.1013,0.0773,0.922,0.071,0.118,0.005,0.021,0.001,0.008,0.001,0.008,None,0.006
786,Timber,W_WWD_LWAL_DNO_H1,29.91117,81.73882,0.1009,0.0831,0.92,0.071,0.126,0.006,0.023,0.001,0.009,0.001,0.011,None,0.007
787,Timber,W_WWD_LWAL_DNO_H1,27.66117,87.43882,0.0976,0.0746,0.929,0.065,0.114,0.004,0.017,0.001,0.007,0.001,0.011,None,0.005
788,Timber,W_WWD_LWAL_DNO_H1,27.51117,88.03882,0.1071,0.0863,0.914,0.076,0.126,0.007,0.026,0.002,0.01,0.001,0.012,None,0.007
789,Timber,W_WWD_LWAL_DNO_H1,30.13617,81.73882,0.1089,0.0763,0.909,0.083,0.127,0.005,0.018,0.001,0.006,0.001,0.008,None,0.007
790,Timber,W_WWD_LWAL_DNO_H1,28.93617,83.53882,0.1042,0.0805,0.917,0.075,0.126,0.006,0.022,0.001,0.008,0.001,0.009,None,0.007
791,Timber,W_WWD_LWAL_DNO_H1,27.73617,86.53882,0.1037,0.0781,0.917,0.075,0.129,0.006,0.021,0.001,0.006,0.001,0.006,None,0.006
792,Timber,W_WWD_LWAL_DNO_H1,29.98617,82.33882,0.1023,0.0787,0.919,0.073,0.129,0.006,0.022,0.001,0.006,0.001,0.005,None,0.006
793,Timber,W_WWD_LWAL_DNO_H1,29.46117,81.88882,0.1042,0.0836,0.915,0.076,0.127,0.006,0.024,0.001,0.009,0.001,0.01,None,0.007
794,Timber,W_WWD_LWAL_DNO_H1,27.96117,86.61382,0.1033,0.0826,0.918,0.072,0.129,0.007,0.025,0.002,0.008,0.001,0.007,None,0.007
795,Timber,W_WWD_LWAL_DNO_H1,27.66117,86.91382,0.0994,0.0745,0.922,0.071,0.125,0.005,0.018,0.001,0.005,0.001,0.003,None,0.006
796,Timber,W_WWD_LWAL_DNO_H1,27.96117,86.61382,0.1052,0.0802,0.914,0.077,0.131,0.006,0.023,0.001,0.007,0.001,0.005,None,0.007
797,Timber,W_WWD_LWAL_DNO_H1,27.66117,86.91382,0.0973,0.0696,0.93,0.064,0.116,0.004,0.017,0.001,0.005,0.001,0.004,None,0.005
798,Timber,W_WWD_LWAL_DNO_H1,27.96117,86.61382,0.1068,0.0896,0.912,0.077,0.131,0.007,0.028,0.002,0.01,0.002,0.012,None,0.008
